Name,Type,Emoji,Description
😀 Grinning Face,Smileys & People,😀,Grinning Face
😁 Beaming Face With Smiling Eyes,Smileys & People,😁,Beaming Face With Smiling Eyes
😂 Face With Tears of Joy,Smileys & People,😂,Face With Tears of Joy
🤣 Rolling on the Floor Laughing,Smileys & People,🤣,Rolling on the Floor Laughing
😃 Grinning Face With Big Eyes,Smileys & People,😃,Grinning Face With Big Eyes
😄 Grinning Face With Smiling Eyes,Smileys & People,😄,Grinning Face With Smiling Eyes
😅 Grinning Face With Sweat,Smileys & People,😅,Grinning Face With Sweat
😆 Grinning Squinting Face,Smileys & People,😆,Grinning Squinting Face
😉 Winking Face,Smileys & People,😉,Winking Face
😊 Smiling Face With Smiling Eyes,Smileys & People,😊,Smiling Face With Smiling Eyes
😋 Face Savoring Food,Smileys & People,😋,Face Savoring Food
😎 Smiling Face With Sunglasses,Smileys & People,😎,Smiling Face With Sunglasses
😍 Smiling Face With Heart-Eyes,Smileys & People,😍,Smiling Face With Heart-Eyes
😘 Face Blowing a Kiss,Smileys & People,😘,Face Blowing a Kiss
🥰 Smiling Face With 3 Hearts,Smileys & People,🥰,Smiling Face With 3 Hearts
😗 Kissing Face,Smileys & People,😗,Kissing Face
😙 Kissing Face With Smiling Eyes,Smileys & People,😙,Kissing Face With Smiling Eyes
😚 Kissing Face With Closed Eyes,Smileys & People,😚,Kissing Face With Closed Eyes
☺ Smiling Face,Smileys & People,☺,Smiling Face
🙂 Slightly Smiling Face,Smileys & People,🙂,Slightly Smiling Face
🤗 Hugging Face,Smileys & People,🤗,Hugging Face
🤩 Star-Struck,Smileys & People,🤩,Star-Struck
🤔 Thinking Face,Smileys & People,🤔,Thinking Face
🤨 Face With Raised Eyebrow,Smileys & People,🤨,Face With Raised Eyebrow
😐 Neutral Face,Smileys & People,😐,Neutral Face
😑 Expressionless Face,Smileys & People,😑,Expressionless Face
😶 Face Without Mouth,Smileys & People,😶,Face Without Mouth
🙄 Face With Rolling Eyes,Smileys & People,🙄,Face With Rolling Eyes
😏 Smirking Face,Smileys & People,😏,Smirking Face
😣 Persevering Face,Smileys & People,😣,Persevering Face
😥 Sad but Relieved Face,Smileys & People,😥,Sad but Relieved Face
😮 Face With Open Mouth,Smileys & People,😮,Face With Open Mouth
🤐 Zipper-Mouth Face,Smileys & People,🤐,Zipper-Mouth Face
😯 Hushed Face,Smileys & People,😯,Hushed Face
😪 Sleepy Face,Smileys & People,😪,Sleepy Face
😫 Tired Face,Smileys & People,😫,Tired Face
😴 Sleeping Face,Smileys & People,😴,Sleeping Face
😌 Relieved Face,Smileys & People,😌,Relieved Face
😛 Face With Tongue,Smileys & People,😛,Face With Tongue
😜 Winking Face With Tongue,Smileys & People,😜,Winking Face With Tongue
😝 Squinting Face With Tongue,Smileys & People,😝,Squinting Face With Tongue
🤤 Drooling Face,Smileys & People,🤤,Drooling Face
😒 Unamused Face,Smileys & People,😒,Unamused Face
😓 Downcast Face With Sweat,Smileys & People,😓,Downcast Face With Sweat
😔 Pensive Face,Smileys & People,😔,Pensive Face
😕 Confused Face,Smileys & People,😕,Confused Face
🙃 Upside-Down Face,Smileys & People,🙃,Upside-Down Face
🤑 Money-Mouth Face,Smileys & People,🤑,Money-Mouth Face
😲 Astonished Face,Smileys & People,😲,Astonished Face
☹ Frowning Face,Smileys & People,☹,Frowning Face
🙁 Slightly Frowning Face,Smileys & People,🙁,Slightly Frowning Face
😖 Confounded Face,Smileys & People,😖,Confounded Face
😞 Disappointed Face,Smileys & People,😞,Disappointed Face
😟 Worried Face,Smileys & People,😟,Worried Face
😤 Face With Steam From Nose,Smileys & People,😤,Face With Steam From Nose
😢 Crying Face,Smileys & People,😢,Crying Face
😭 Loudly Crying Face,Smileys & People,😭,Loudly Crying Face
😦 Frowning Face With Open Mouth,Smileys & People,😦,Frowning Face With Open Mouth
😧 Anguished Face,Smileys & People,😧,Anguished Face
😨 Fearful Face,Smileys & People,😨,Fearful Face
😩 Weary Face,Smileys & People,😩,Weary Face
🤯 Exploding Head,Smileys & People,🤯,Exploding Head
😬 Grimacing Face,Smileys & People,😬,Grimacing Face
😰 Anxious Face With Sweat,Smileys & People,😰,Anxious Face With Sweat
😱 Face Screaming in Fear,Smileys & People,😱,Face Screaming in Fear
🥵 Hot Face,Smileys & People,🥵,Hot Face
🥶 Cold Face,Smileys & People,🥶,Cold Face
😳 Flushed Face,Smileys & People,😳,Flushed Face
🤪 Zany Face,Smileys & People,🤪,Zany Face
😵 Dizzy Face,Smileys & People,😵,Dizzy Face
😡 Pouting Face,Smileys & People,😡,Pouting Face
😠 Angry Face,Smileys & People,😠,Angry Face
🤬 Face With Symbols on Mouth,Smileys & People,🤬,Face With Symbols on Mouth
😷 Face With Medical Mask,Smileys & People,😷,Face With Medical Mask
🤒 Face With Thermometer,Smileys & People,🤒,Face With Thermometer
🤕 Face With Head-Bandage,Smileys & People,🤕,Face With Head-Bandage
🤢 Nauseated Face,Smileys & People,🤢,Nauseated Face
🤮 Face Vomiting,Smileys & People,🤮,Face Vomiting
🤧 Sneezing Face,Smileys & People,🤧,Sneezing Face
😇 Smiling Face With Halo,Smileys & People,😇,Smiling Face With Halo
🤠 Cowboy Hat Face,Smileys & People,🤠,Cowboy Hat Face
🤡 Clown Face,Smileys & People,🤡,Clown Face
🥳 Partying Face,Smileys & People,🥳,Partying Face
🥴 Woozy Face,Smileys & People,🥴,Woozy Face
🥺 Pleading Face,Smileys & People,🥺,Pleading Face
🤥 Lying Face,Smileys & People,🤥,Lying Face
🤫 Shushing Face,Smileys & People,🤫,Shushing Face
🤭 Face With Hand Over Mouth,Smileys & People,🤭,Face With Hand Over Mouth
🧐 Face With Monocle,Smileys & People,🧐,Face With Monocle
🤓 Nerd Face,Smileys & People,🤓,Nerd Face
😈 Smiling Face With Horns,Smileys & People,😈,Smiling Face With Horns
👿 Angry Face With Horns,Smileys & People,👿,Angry Face With Horns
👹 Ogre,Smileys & People,👹,Ogre
👺 Goblin,Smileys & People,👺,Goblin
💀 Skull,Smileys & People,💀,Skull
👻 Ghost,Smileys & People,👻,Ghost
👽 Alien,Smileys & People,👽,Alien
👾 Alien Monster,Smileys & People,👾,Alien Monster
🤖 Robot Face,Smileys & People,🤖,Robot Face
💩 Pile of Poo,Smileys & People,💩,Pile of Poo
😺 Grinning Cat Face,Smileys & People,😺,Grinning Cat Face
😸 Grinning Cat Face With Smiling Eyes,Smileys & People,😸,Grinning Cat Face With Smiling Eyes
😹 Cat Face With Tears of Joy,Smileys & People,😹,Cat Face With Tears of Joy
😻 Smiling Cat Face With Heart-Eyes,Smileys & People,😻,Smiling Cat Face With Heart-Eyes
😼 Cat Face With Wry Smile,Smileys & People,😼,Cat Face With Wry Smile
😽 Kissing Cat Face,Smileys & People,😽,Kissing Cat Face
🙀 Weary Cat Face,Smileys & People,🙀,Weary Cat Face
😿 Crying Cat Face,Smileys & People,😿,Crying Cat Face
😾 Pouting Cat Face,Smileys & People,😾,Pouting Cat Face
👶 Baby,Smileys & People,👶,Baby
👦 Boy,Smileys & People,👦,Boy
👧 Girl,Smileys & People,👧,Girl
👨 Man,Smileys & People,👨,Man
👩 Woman,Smileys & People,👩,Woman
👴 Old Man,Smileys & People,👴,Old Man
👵 Old Woman,Smileys & People,👵,Old Woman
👨‍⚕️ Man Health Worker,Smileys & People,👨‍⚕️,Man Health Worker
👩‍⚕️ Woman Health Worker,Smileys & People,👩‍⚕️,Woman Health Worker
👨‍🎓 Man Student,Smileys & People,👨‍🎓,Man Student
👩‍🎓 Woman Student,Smileys & People,👩‍🎓,Woman Student
👨‍⚖️ Man Judge,Smileys & People,👨‍⚖️,Man Judge
👩‍⚖️ Woman Judge,Smileys & People,👩‍⚖️,Woman Judge
👨‍🌾 Man Farmer,Smileys & People,👨‍🌾,Man Farmer
👩‍🌾 Woman Farmer,Smileys & People,👩‍🌾,Woman Farmer
👨‍🍳 Man Cook,Smileys & People,👨‍🍳,Man Cook
👩‍🍳 Woman Cook,Smileys & People,👩‍🍳,Woman Cook
👨‍🔧 Man Mechanic,Smileys & People,👨‍🔧,Man Mechanic
👩‍🔧 Woman Mechanic,Smileys & People,👩‍🔧,Woman Mechanic
👨‍🏭 Man Factory Worker,Smileys & People,👨‍🏭,Man Factory Worker
👩‍🏭 Woman Factory Worker,Smileys & People,👩‍🏭,Woman Factory Worker
👨‍💼 Man Office Worker,Smileys & People,👨‍💼,Man Office Worker
👩‍💼 Woman Office Worker,Smileys & People,👩‍💼,Woman Office Worker
👨‍🔬 Man Scientist,Smileys & People,👨‍🔬,Man Scientist
👩‍🔬 Woman Scientist,Smileys & People,👩‍🔬,Woman Scientist
👨‍💻 Man Technologist,Smileys & People,👨‍💻,Man Technologist
👩‍💻 Woman Technologist,Smileys & People,👩‍💻,Woman Technologist
👨‍🎤 Man Singer,Smileys & People,👨‍🎤,Man Singer
👩‍🎤 Woman Singer,Smileys & People,👩‍🎤,Woman Singer
👨‍🎨 Man Artist,Smileys & People,👨‍🎨,Man Artist
👩‍🎨 Woman Artist,Smileys & People,👩‍🎨,Woman Artist
👨‍✈️ Man Pilot,Smileys & People,👨‍✈️,Man Pilot
👩‍✈️ Woman Pilot,Smileys & People,👩‍✈️,Woman Pilot
👨‍🚀 Man Astronaut,Smileys & People,👨‍🚀,Man Astronaut
👩‍🚀 Woman Astronaut,Smileys & People,👩‍🚀,Woman Astronaut
👨‍🚒 Man Firefighter,Smileys & People,👨‍🚒,Man Firefighter
👩‍🚒 Woman Firefighter,Smileys & People,👩‍🚒,Woman Firefighter
👮 Police Officer,Smileys & People,👮,Police Officer
👮‍♂️ Man Police Officer,Smileys & People,👮‍♂️,Man Police Officer
👮‍♀️ Woman Police Officer,Smileys & People,👮‍♀️,Woman Police Officer
🕵 Detective,Smileys & People,🕵,Detective
🕵️‍ ♂️ Man Detective,Smileys & People,🕵️‍,♂️ Man Detective
🕵️‍ ♀️ Woman Detective,Smileys & People,🕵️‍,♀️ Woman Detective
💂 Guard,Smileys & People,💂,Guard
💂‍♂️ Man Guard,Smileys & People,💂‍♂️,Man Guard
💂‍♀️ Woman Guard,Smileys & People,💂‍♀️,Woman Guard
👷 Construction Worker,Smileys & People,👷,Construction Worker
👷‍♂️ Man Construction Worker,Smileys & People,👷‍♂️,Man Construction Worker
👷‍♀️ Woman Construction Worker,Smileys & People,👷‍♀️,Woman Construction Worker
🤴 Prince,Smileys & People,🤴,Prince
👸 Princess,Smileys & People,👸,Princess
👳 Person Wearing Turban,Smileys & People,👳,Person Wearing Turban
👳‍♂️ Man Wearing Turban,Smileys & People,👳‍♂️,Man Wearing Turban
👳‍♀️ Woman Wearing Turban,Smileys & People,👳‍♀️,Woman Wearing Turban
👲 Man With Chinese Cap,Smileys & People,👲,Man With Chinese Cap
🧕 Woman With Headscarf,Smileys & People,🧕,Woman With Headscarf
🧔 Man: Beard,Smileys & People,🧔,Man: Beard
👱 Person: Blond Hair,Smileys & People,👱,Person: Blond Hair
👱‍♂️ Man: Blond Hair,Smileys & People,👱‍♂️,Man: Blond Hair
👱‍♀️ Woman: Blond Hair,Smileys & People,👱‍♀️,Woman: Blond Hair
👨‍🦰 Man: Red Hair,Smileys & People,👨‍🦰,Man: Red Hair
👩‍🦰 Woman: Red Hair,Smileys & People,👩‍🦰,Woman: Red Hair
👨‍🦱 Man: Curly Hair,Smileys & People,👨‍🦱,Man: Curly Hair
👩‍🦱 Woman: Curly Hair,Smileys & People,👩‍🦱,Woman: Curly Hair
👨‍🦲 Man: Bald,Smileys & People,👨‍🦲,Man: Bald
👩‍🦲 Woman: Bald,Smileys & People,👩‍🦲,Woman: Bald
👨‍🦳 Man: White Hair,Smileys & People,👨‍🦳,Man: White Hair
👩‍🦳 Woman: White Hair,Smileys & People,👩‍🦳,Woman: White Hair
🤵 Man in Tuxedo,Smileys & People,🤵,Man in Tuxedo
👰 Bride With Veil,Smileys & People,👰,Bride With Veil
🤰 Pregnant Woman,Smileys & People,🤰,Pregnant Woman
🤱 Breast-Feeding,Smileys & People,🤱,Breast-Feeding
👼 Baby Angel,Smileys & People,👼,Baby Angel
🎅 Santa Claus,Smileys & People,🎅,Santa Claus
🤶 Mrs. Claus,Smileys & People,🤶,Mrs. Claus
🦸 Superhero,Smileys & People,🦸,Superhero
🦸‍♀️ Woman Superhero,Smileys & People,🦸‍♀️,Woman Superhero
🦸‍♂️ Man Superhero,Smileys & People,🦸‍♂️,Man Superhero
🦹 Supervillain,Smileys & People,🦹,Supervillain
🦹‍♀️ Woman Supervillain,Smileys & People,🦹‍♀️,Woman Supervillain
🦹‍♂️ Man Supervillain,Smileys & People,🦹‍♂️,Man Supervillain
🧙 Mage,Smileys & People,🧙,Mage
🧙‍♀️ Woman Mage,Smileys & People,🧙‍♀️,Woman Mage
🧙‍♂️ Man Mage,Smileys & People,🧙‍♂️,Man Mage
🧚‍♀️ Woman Fairy,Smileys & People,🧚‍♀️,Woman Fairy
🧚‍♂️ Man Fairy,Smileys & People,🧚‍♂️,Man Fairy
🧛 Vampire,Smileys & People,🧛,Vampire
🧛‍♀️ Woman Vampire,Smileys & People,🧛‍♀️,Woman Vampire
🧛‍♂️ Man Vampire,Smileys & People,🧛‍♂️,Man Vampire
🧜 Merperson,Smileys & People,🧜,Merperson
🧜‍♀️ Mermaid,Smileys & People,🧜‍♀️,Mermaid
🧜‍♂️ Merman,Smileys & People,🧜‍♂️,Merman
🧝 Elf,Smileys & People,🧝,Elf
🧝‍♀️ Woman Elf,Smileys & People,🧝‍♀️,Woman Elf
🧝‍♂️ Man Elf,Smileys & People,🧝‍♂️,Man Elf
🧞 Genie,Smileys & People,🧞,Genie
🧞‍♀️ Woman Genie,Smileys & People,🧞‍♀️,Woman Genie
🧞‍♂️ Man Genie,Smileys & People,🧞‍♂️,Man Genie
🧟 Zombie,Smileys & People,🧟,Zombie
🧟‍♀️ Woman Zombie,Smileys & People,🧟‍♀️,Woman Zombie
🧟‍♂️ Man Zombie,Smileys & People,🧟‍♂️,Man Zombie
🙍 Person Frowning,Smileys & People,🙍,Person Frowning
🙍‍♂️ Man Frowning,Smileys & People,🙍‍♂️,Man Frowning
🙍‍♀️ Woman Frowning,Smileys & People,🙍‍♀️,Woman Frowning
🙎 Person Pouting,Smileys & People,🙎,Person Pouting
🙎‍♂️ Man Pouting,Smileys & People,🙎‍♂️,Man Pouting
🙎‍♀️ Woman Pouting,Smileys & People,🙎‍♀️,Woman Pouting
🙅 Person Gesturing No,Smileys & People,🙅,Person Gesturing No
🙅‍♂️ Man Gesturing No,Smileys & People,🙅‍♂️,Man Gesturing No
🙅‍♀️ Woman Gesturing No,Smileys & People,🙅‍♀️,Woman Gesturing No
🙆 Person Gesturing OK,Smileys & People,🙆,Person Gesturing OK
🙆‍♂️ Man Gesturing OK,Smileys & People,🙆‍♂️,Man Gesturing OK
🙆‍♀️ Woman Gesturing OK,Smileys & People,🙆‍♀️,Woman Gesturing OK
💁 Person Tipping Hand,Smileys & People,💁,Person Tipping Hand
💁‍♂️ Man Tipping Hand,Smileys & People,💁‍♂️,Man Tipping Hand
💁‍♀️ Woman Tipping Hand,Smileys & People,💁‍♀️,Woman Tipping Hand
🙋 Person Raising Hand,Smileys & People,🙋,Person Raising Hand
🙋‍♂️ Man Raising Hand,Smileys & People,🙋‍♂️,Man Raising Hand
🙋‍♀️ Woman Raising Hand,Smileys & People,🙋‍♀️,Woman Raising Hand
🙇 Person Bowing,Smileys & People,🙇,Person Bowing
🙇‍♂️ Man Bowing,Smileys & People,🙇‍♂️,Man Bowing
🙇‍♀️ Woman Bowing,Smileys & People,🙇‍♀️,Woman Bowing
🤦 Person Facepalming,Smileys & People,🤦,Person Facepalming
🤦‍♂️ Man Facepalming,Smileys & People,🤦‍♂️,Man Facepalming
🤦‍♀️ Woman Facepalming,Smileys & People,🤦‍♀️,Woman Facepalming
🤷 Person Shrugging,Smileys & People,🤷,Person Shrugging
🤷‍♂️ Man Shrugging,Smileys & People,🤷‍♂️,Man Shrugging
🤷‍♀️ Woman Shrugging,Smileys & People,🤷‍♀️,Woman Shrugging
💆 Person Getting Massage,Smileys & People,💆,Person Getting Massage
💆‍♂️ Man Getting Massage,Smileys & People,💆‍♂️,Man Getting Massage
💆‍♀️ Woman Getting Massage,Smileys & People,💆‍♀️,Woman Getting Massage
💇 Person Getting Haircut,Smileys & People,💇,Person Getting Haircut
💇‍♂️ Man Getting Haircut,Smileys & People,💇‍♂️,Man Getting Haircut
💇‍♀️ Woman Getting Haircut,Smileys & People,💇‍♀️,Woman Getting Haircut
🚶 Person Walking,Smileys & People,🚶,Person Walking
🚶‍♂️ Man Walking,Smileys & People,🚶‍♂️,Man Walking
🚶‍♀️ Woman Walking,Smileys & People,🚶‍♀️,Woman Walking
🏃 Person Running,Smileys & People,🏃,Person Running
🏃‍♂️ Man Running,Smileys & People,🏃‍♂️,Man Running
🏃‍♀️ Woman Running,Smileys & People,🏃‍♀️,Woman Running
💃 Woman Dancing,Smileys & People,💃,Woman Dancing
🕺 Man Dancing,Smileys & People,🕺,Man Dancing
👯 People With Bunny Ears,Smileys & People,👯,People With Bunny Ears
👯‍♂️ Men With Bunny Ears,Smileys & People,👯‍♂️,Men With Bunny Ears
👯 ‍♀️ Women With Bunny Ears,Smileys & People,👯,‍♀️ Women With Bunny Ears
🧖 Person in Steamy Room,Smileys & People,🧖,Person in Steamy Room
🧖‍♀️ Woman in Steamy Room,Smileys & People,🧖‍♀️,Woman in Steamy Room
🧖‍♂️ Man in Steamy Room,Smileys & People,🧖‍♂️,Man in Steamy Room
🧘 Person in Lotus Position,Smileys & People,🧘,Person in Lotus Position
🕴 Man in Suit Levitating,Smileys & People,🕴,Man in Suit Levitating
🗣 Speaking Head,Smileys & People,🗣,Speaking Head
👤 Bust in Silhouette,Smileys & People,👤,Bust in Silhouette
👥 Busts in Silhouette,Smileys & People,👥,Busts in Silhouette
👫 Man and Woman Holding Hands,Smileys & People,👫,Man and Woman Holding Hands
👬 Two Men Holding Hands,Smileys & People,👬,Two Men Holding Hands
👭 Two Women Holding Hands,Smileys & People,👭,Two Women Holding Hands
💏 Kiss,Smileys & People,💏,Kiss
"👨‍❤️‍💋‍👨 Kiss: Man, Man",Smileys & People,👨‍❤️‍💋‍👨,"Kiss: Man, Man"
"👩‍❤️‍💋‍👩 Kiss: Woman, Woman",Smileys & People,👩‍❤️‍💋‍👩,"Kiss: Woman, Woman"
💑 Couple With Heart,Smileys & People,💑,Couple With Heart
"👨‍❤️‍👨 Couple With Heart: Man, Man",Smileys & People,👨‍❤️‍👨,"Couple With Heart: Man, Man"
"👩‍❤️‍👩 Couple With Heart: Woman, Woman",Smileys & People,👩‍❤️‍👩,"Couple With Heart: Woman, Woman"
👪 Family,Smileys & People,👪,Family
"👨‍👩‍👦 Family: Man, Woman, Boy",Smileys & People,👨‍👩‍👦,"Family: Man, Woman, Boy"
"👨‍👩‍👧 Family: Man, Woman, Girl",Smileys & People,👨‍👩‍👧,"Family: Man, Woman, Girl"
"👨‍👩‍👧‍👦 Family: Man, Woman, Girl, Boy",Smileys & People,👨‍👩‍👧‍👦,"Family: Man, Woman, Girl, Boy"
"👨‍👩‍👦‍👦 Family: Man, Woman, Boy, Boy",Smileys & People,👨‍👩‍👦‍👦,"Family: Man, Woman, Boy, Boy"
"👨‍👩‍👧‍👧 Family: Man, Woman, Girl, Girl",Smileys & People,👨‍👩‍👧‍👧,"Family: Man, Woman, Girl, Girl"
"👨‍👨‍👦 Family: Man, Man, Boy",Smileys & People,👨‍👨‍👦,"Family: Man, Man, Boy"
"👨‍👨‍👧 Family: Man, Man, Girl",Smileys & People,👨‍👨‍👧,"Family: Man, Man, Girl"
"👨‍👨‍👧‍👦 Family: Man, Man, Girl, Boy",Smileys & People,👨‍👨‍👧‍👦,"Family: Man, Man, Girl, Boy"
"👨‍👨‍👦‍👦 Family: Man, Man, Boy, Boy",Smileys & People,👨‍👨‍👦‍👦,"Family: Man, Man, Boy, Boy"
"👨‍👨‍👧‍👧 Family: Man, Man, Girl, Girl",Smileys & People,👨‍👨‍👧‍👧,"Family: Man, Man, Girl, Girl"
"👩‍👩‍👦 Family: Woman, Woman, Boy",Smileys & People,👩‍👩‍👦,"Family: Woman, Woman, Boy"
"👩‍👩‍👧 Family: Woman, Woman, Girl",Smileys & People,👩‍👩‍👧,"Family: Woman, Woman, Girl"
"👩‍👩‍👧‍👦 Family: Woman, Woman, Girl, Boy",Smileys & People,👩‍👩‍👧‍👦,"Family: Woman, Woman, Girl, Boy"
"👩‍👩‍👦‍👦 Family: Woman, Woman, Boy, Boy",Smileys & People,👩‍👩‍👦‍👦,"Family: Woman, Woman, Boy, Boy"
"👩‍👩‍👧‍👧 Family: Woman, Woman, Girl, Girl",Smileys & People,👩‍👩‍👧‍👧,"Family: Woman, Woman, Girl, Girl"
"👨‍👦 Family: Man, Boy",Smileys & People,👨‍👦,"Family: Man, Boy"
"👨‍👦‍👦 Family: Man, Boy, Boy",Smileys & People,👨‍👦‍👦,"Family: Man, Boy, Boy"
"👨‍👧 Family: Man, Girl",Smileys & People,👨‍👧,"Family: Man, Girl"
"👨‍👧‍👦 Family: Man, Girl, Boy",Smileys & People,👨‍👧‍👦,"Family: Man, Girl, Boy"
"👨‍👧‍👧 Family: Man, Girl, Girl",Smileys & People,👨‍👧‍👧,"Family: Man, Girl, Girl"
"👩‍👦 Family: Woman, Boy",Smileys & People,👩‍👦,"Family: Woman, Boy"
"👩‍👦‍👦 Family: Woman, Boy, Boy",Smileys & People,👩‍👦‍👦,"Family: Woman, Boy, Boy"
"👩‍👧 Family: Woman, Girl",Smileys & People,👩‍👧,"Family: Woman, Girl"
"👩‍👧‍👦 Family: Woman, Girl, Boy",Smileys & People,👩‍👧‍👦,"Family: Woman, Girl, Boy"
"👩‍👧‍👧 Family: Woman, Girl, Girl",Smileys & People,👩‍👧‍👧,"Family: Woman, Girl, Girl"
🤳 Selfie,Smileys & People,🤳,Selfie
💪 Flexed Biceps,Smileys & People,💪,Flexed Biceps
🦵 Leg,Smileys & People,🦵,Leg
🦶 Foot,Smileys & People,🦶,Foot
👈 Backhand Index Pointing Left,Smileys & People,👈,Backhand Index Pointing Left
👉 Backhand Index Pointing Right,Smileys & People,👉,Backhand Index Pointing Right
☝ Index Pointing Up,Smileys & People,☝,Index Pointing Up
👆 Backhand Index Pointing Up,Smileys & People,👆,Backhand Index Pointing Up
🖕 Middle Finger,Smileys & People,🖕,Middle Finger
👇 Backhand Index Pointing Down,Smileys & People,👇,Backhand Index Pointing Down
✌ Victory Hand,Smileys & People,✌,Victory Hand
🤞 Crossed Fingers,Smileys & People,🤞,Crossed Fingers
🖖 Vulcan Salute,Smileys & People,🖖,Vulcan Salute
🤘 Sign of the Horns,Smileys & People,🤘,Sign of the Horns
🖐 Hand With Fingers Splayed,Smileys & People,🖐,Hand With Fingers Splayed
✋ Raised Hand,Smileys & People,✋,Raised Hand
👌 OK Hand,Smileys & People,👌,OK Hand
👍 Thumbs Up,Smileys & People,👍,Thumbs Up
👎 Thumbs Down,Smileys & People,👎,Thumbs Down
✊ Raised Fist,Smileys & People,✊,Raised Fist
👊 Oncoming Fist,Smileys & People,👊,Oncoming Fist
🤛 Left-Facing Fist,Smileys & People,🤛,Left-Facing Fist
🤜 Right-Facing Fist,Smileys & People,🤜,Right-Facing Fist
🤚 Raised Back of Hand,Smileys & People,🤚,Raised Back of Hand
👋 Waving Hand,Smileys & People,👋,Waving Hand
🤟 Love-You Gesture,Smileys & People,🤟,Love-You Gesture
✍ Writing Hand,Smileys & People,✍,Writing Hand
👏 Clapping Hands,Smileys & People,👏,Clapping Hands
👐 Open Hands,Smileys & People,👐,Open Hands
🙌 Raising Hands,Smileys & People,🙌,Raising Hands
🤲 Palms Up Together,Smileys & People,🤲,Palms Up Together
🙏 Folded Hands,Smileys & People,🙏,Folded Hands
🤝 Handshake,Smileys & People,🤝,Handshake
💅 Nail Polish,Smileys & People,💅,Nail Polish
👂 Ear,Smileys & People,👂,Ear
👃 Nose,Smileys & People,👃,Nose
👣 Footprints,Smileys & People,👣,Footprints
👀 Eyes,Smileys & People,👀,Eyes
👁 Eye,Smileys & People,👁,Eye
🧠 Brain,Smileys & People,🧠,Brain
🦴 Bone,Smileys & People,🦴,Bone
🦷 Tooth,Smileys & People,🦷,Tooth
👅 Tongue,Smileys & People,👅,Tongue
👄 Mouth,Smileys & People,👄,Mouth
💋 Kiss Mark,Smileys & People,💋,Kiss Mark
👓 Glasses,Smileys & People,👓,Glasses
🕶 Sunglasses,Smileys & People,🕶,Sunglasses
🥽 Goggles,Smileys & People,🥽,Goggles
🥼 Lab Coat,Smileys & People,🥼,Lab Coat
👔 Necktie,Smileys & People,👔,Necktie
👕 T-Shirt,Smileys & People,👕,T-Shirt
👖 Jeans,Smileys & People,👖,Jeans
🧣 Scarf,Smileys & People,🧣,Scarf
🧤 Gloves,Smileys & People,🧤,Gloves
🧥 Coat,Smileys & People,🧥,Coat
🧦 Socks,Smileys & People,🧦,Socks
👗 Dress,Smileys & People,👗,Dress
👘 Kimono,Smileys & People,👘,Kimono
👙 Bikini,Smileys & People,👙,Bikini
👚 Woman’S Clothes,Smileys & People,👚,Woman’S Clothes
👛 Purse,Smileys & People,👛,Purse
👜 Handbag,Smileys & People,👜,Handbag
👝 Clutch Bag,Smileys & People,👝,Clutch Bag
🎒 Backpack,Smileys & People,🎒,Backpack
👞 Man’S Shoe,Smileys & People,👞,Man’S Shoe
👟 Running Shoe,Smileys & People,👟,Running Shoe
🥾 Hiking Boot,Smileys & People,🥾,Hiking Boot
🥿 Flat Shoe,Smileys & People,🥿,Flat Shoe
👠 High-Heeled Shoe,Smileys & People,👠,High-Heeled Shoe
👡 Woman’S Sandal,Smileys & People,👡,Woman’S Sandal
👢 Woman’S Boot,Smileys & People,👢,Woman’S Boot
👑 Crown,Smileys & People,👑,Crown
👒 Woman’S Hat,Smileys & People,👒,Woman’S Hat
🎩 Top Hat,Smileys & People,🎩,Top Hat
🎓 Graduation Cap,Smileys & People,🎓,Graduation Cap
🧢 Billed Cap,Smileys & People,🧢,Billed Cap
⛑ Rescue Worker’S Helmet,Smileys & People,⛑,Rescue Worker’S Helmet
💄 Lipstick,Smileys & People,💄,Lipstick
💍 Ring,Smileys & People,💍,Ring
🧳 Luggage,Smileys & People,🧳,Luggage
🌂 Closed Umbrella,Smileys & People,🌂,Closed Umbrella
☂ Umbrella,Smileys & People,☂,Umbrella
💼 Briefcase,Smileys & People,💼,Briefcase
🧵 Thread,Smileys & People,🧵,Thread
🧶 Yarn,Smileys & People,🧶,Yarn
C ategories,Smileys & People,C,ategories
😃 Smileys & People,Smileys & People,😃,Smileys & People
🙈 See-No-Evil Monkey,Animals & Nature,🙈,See-No-Evil Monkey
🙉 Hear-No-Evil Monkey,Animals & Nature,🙉,Hear-No-Evil Monkey
🙊 Speak-No-Evil Monkey,Animals & Nature,🙊,Speak-No-Evil Monkey
💥 Collision,Animals & Nature,💥,Collision
💦 Sweat Droplets,Animals & Nature,💦,Sweat Droplets
💨 Dashing Away,Animals & Nature,💨,Dashing Away
💫 Dizzy,Animals & Nature,💫,Dizzy
🐵 Monkey Face,Animals & Nature,🐵,Monkey Face
🐒 Monkey,Animals & Nature,🐒,Monkey
🦍 Gorilla,Animals & Nature,🦍,Gorilla
🐶 Dog Face,Animals & Nature,🐶,Dog Face
🐕 Dog,Animals & Nature,🐕,Dog
🐩 Poodle,Animals & Nature,🐩,Poodle
🐺 Wolf Face,Animals & Nature,🐺,Wolf Face
🦊 Fox Face,Animals & Nature,🦊,Fox Face
🦝 Raccoon,Animals & Nature,🦝,Raccoon
🐱 Cat Face,Animals & Nature,🐱,Cat Face
🐈 Cat,Animals & Nature,🐈,Cat
🦁 Lion Face,Animals & Nature,🦁,Lion Face
🐯 Tiger Face,Animals & Nature,🐯,Tiger Face
🐅 Tiger,Animals & Nature,🐅,Tiger
🐆 Leopard,Animals & Nature,🐆,Leopard
🐴 Horse Face,Animals & Nature,🐴,Horse Face
🐎 Horse,Animals & Nature,🐎,Horse
🦄 Unicorn Face,Animals & Nature,🦄,Unicorn Face
🦓 Zebra,Animals & Nature,🦓,Zebra
🐮 Cow Face,Animals & Nature,🐮,Cow Face
🐂 Ox,Animals & Nature,🐂,Ox
🐃 Water Buffalo,Animals & Nature,🐃,Water Buffalo
🐄 Cow,Animals & Nature,🐄,Cow
🐷 Pig Face,Animals & Nature,🐷,Pig Face
🐖 Pig,Animals & Nature,🐖,Pig
🐗 Boar,Animals & Nature,🐗,Boar
🐽 Pig Nose,Animals & Nature,🐽,Pig Nose
🐏 Ram,Animals & Nature,🐏,Ram
🐑 Ewe,Animals & Nature,🐑,Ewe
🐐 Goat,Animals & Nature,🐐,Goat
🐪 Camel,Animals & Nature,🐪,Camel
🐫 Two-Hump Camel,Animals & Nature,🐫,Two-Hump Camel
🦙 Llama,Animals & Nature,🦙,Llama
🦒 Giraffe,Animals & Nature,🦒,Giraffe
🐘 Elephant,Animals & Nature,🐘,Elephant
🦏 Rhinoceros,Animals & Nature,🦏,Rhinoceros
🦛 Hippopotamus,Animals & Nature,🦛,Hippopotamus
🐭 Mouse Face,Animals & Nature,🐭,Mouse Face
🐁 Mouse,Animals & Nature,🐁,Mouse
🐀 Rat,Animals & Nature,🐀,Rat
🐹 Hamster Face,Animals & Nature,🐹,Hamster Face
🐰 Rabbit Face,Animals & Nature,🐰,Rabbit Face
🐇 Rabbit,Animals & Nature,🐇,Rabbit
🐿 Chipmunk,Animals & Nature,🐿,Chipmunk
🦔 Hedgehog,Animals & Nature,🦔,Hedgehog
🦇 Bat,Animals & Nature,🦇,Bat
🐻 Bear Face,Animals & Nature,🐻,Bear Face
🐨 Koala,Animals & Nature,🐨,Koala
🐼 Panda Face,Animals & Nature,🐼,Panda Face
🦘 Kangaroo,Animals & Nature,🦘,Kangaroo
🦡 Badger,Animals & Nature,🦡,Badger
🐾 Paw Prints,Animals & Nature,🐾,Paw Prints
🦃 Turkey,Animals & Nature,🦃,Turkey
🐔 Chicken,Animals & Nature,🐔,Chicken
🐓 Rooster,Animals & Nature,🐓,Rooster
🐣 Hatching Chick,Animals & Nature,🐣,Hatching Chick
🐤 Baby Chick,Animals & Nature,🐤,Baby Chick
🐥 Front-Facing Baby Chick,Animals & Nature,🐥,Front-Facing Baby Chick
🐦 Bird,Animals & Nature,🐦,Bird
🐧 Penguin,Animals & Nature,🐧,Penguin
🕊 Dove,Animals & Nature,🕊,Dove
🦅 Eagle,Animals & Nature,🦅,Eagle
🦆 Duck,Animals & Nature,🦆,Duck
🦢 Swan,Animals & Nature,🦢,Swan
🦉 Owl,Animals & Nature,🦉,Owl
🦚 Peacock,Animals & Nature,🦚,Peacock
🦜 Parrot,Animals & Nature,🦜,Parrot
🐸 Frog Face,Animals & Nature,🐸,Frog Face
🐊 Crocodile,Animals & Nature,🐊,Crocodile
🐢 Turtle,Animals & Nature,🐢,Turtle
🦎 Lizard,Animals & Nature,🦎,Lizard
🐍 Snake,Animals & Nature,🐍,Snake
🐲 Dragon Face,Animals & Nature,🐲,Dragon Face
🐉 Dragon,Animals & Nature,🐉,Dragon
🦕 Sauropod,Animals & Nature,🦕,Sauropod
🦖 T-Rex,Animals & Nature,🦖,T-Rex
🐳 Spouting Whale,Animals & Nature,🐳,Spouting Whale
🐋 Whale,Animals & Nature,🐋,Whale
🐬 Dolphin,Animals & Nature,🐬,Dolphin
🐟 Fish,Animals & Nature,🐟,Fish
🐠 Tropical Fish,Animals & Nature,🐠,Tropical Fish
🐡 Blowfish,Animals & Nature,🐡,Blowfish
🦈 Shark,Animals & Nature,🦈,Shark
🐙 Octopus,Animals & Nature,🐙,Octopus
🐚 Spiral Shell,Animals & Nature,🐚,Spiral Shell
🦀 Crab,Animals & Nature,🦀,Crab
🦞 Lobster,Animals & Nature,🦞,Lobster
🦐 Shrimp,Animals & Nature,🦐,Shrimp
🦑 Squid,Animals & Nature,🦑,Squid
🐌 Snail,Animals & Nature,🐌,Snail
🦋 Butterfly,Animals & Nature,🦋,Butterfly
🐛 Bug,Animals & Nature,🐛,Bug
🐜 Ant,Animals & Nature,🐜,Ant
🐝 Honeybee,Animals & Nature,🐝,Honeybee
🐞 Lady Beetle,Animals & Nature,🐞,Lady Beetle
🦗 Cricket,Animals & Nature,🦗,Cricket
🕷 Spider,Animals & Nature,🕷,Spider
🕸 Spider Web,Animals & Nature,🕸,Spider Web
🦂 Scorpion,Animals & Nature,🦂,Scorpion
🦟 Mosquito,Animals & Nature,🦟,Mosquito
🦠 Microbe,Animals & Nature,🦠,Microbe
💐 Bouquet,Animals & Nature,💐,Bouquet
🌸 Cherry Blossom,Animals & Nature,🌸,Cherry Blossom
💮 White Flower,Animals & Nature,💮,White Flower
🏵 Rosette,Animals & Nature,🏵,Rosette
🌹 Rose,Animals & Nature,🌹,Rose
🥀 Wilted Flower,Animals & Nature,🥀,Wilted Flower
🌺 Hibiscus,Animals & Nature,🌺,Hibiscus
🌻 Sunflower,Animals & Nature,🌻,Sunflower
🌼 Blossom,Animals & Nature,🌼,Blossom
🌷 Tulip,Animals & Nature,🌷,Tulip
🌱 Seedling,Animals & Nature,🌱,Seedling
🌲 Evergreen Tree,Animals & Nature,🌲,Evergreen Tree
🌳 Deciduous Tree,Animals & Nature,🌳,Deciduous Tree
🌴 Palm Tree,Animals & Nature,🌴,Palm Tree
🌵 Cactus,Animals & Nature,🌵,Cactus
🌾 Sheaf of Rice,Animals & Nature,🌾,Sheaf of Rice
🌿 Herb,Animals & Nature,🌿,Herb
☘ Shamrock,Animals & Nature,☘,Shamrock
🍀 Four Leaf Clover,Animals & Nature,🍀,Four Leaf Clover
🍁 Maple Leaf,Animals & Nature,🍁,Maple Leaf
🍂 Fallen Leaf,Animals & Nature,🍂,Fallen Leaf
🍃 Leaf Fluttering in Wind,Animals & Nature,🍃,Leaf Fluttering in Wind
🍄 Mushroom,Animals & Nature,🍄,Mushroom
🌰 Chestnut,Animals & Nature,🌰,Chestnut
🌍 Globe Showing Europe-Africa,Animals & Nature,🌍,Globe Showing Europe-Africa
🌎 Globe Showing Americas,Animals & Nature,🌎,Globe Showing Americas
🌏 Globe Showing Asia-Australia,Animals & Nature,🌏,Globe Showing Asia-Australia
🌐 Globe With Meridians,Animals & Nature,🌐,Globe With Meridians
🌑 New Moon,Animals & Nature,🌑,New Moon
🌒 Waxing Crescent Moon,Animals & Nature,🌒,Waxing Crescent Moon
🌓 First Quarter Moon,Animals & Nature,🌓,First Quarter Moon
🌔 Waxing Gibbous Moon,Animals & Nature,🌔,Waxing Gibbous Moon
🌕 Full Moon,Animals & Nature,🌕,Full Moon
🌖 Waning Gibbous Moon,Animals & Nature,🌖,Waning Gibbous Moon
🌗 Last Quarter Moon,Animals & Nature,🌗,Last Quarter Moon
🌘 Waning Crescent Moon,Animals & Nature,🌘,Waning Crescent Moon
🌙 Crescent Moon,Animals & Nature,🌙,Crescent Moon
🌚 New Moon Face,Animals & Nature,🌚,New Moon Face
🌛 First Quarter Moon Face,Animals & Nature,🌛,First Quarter Moon Face
🌜 Last Quarter Moon Face,Animals & Nature,🌜,Last Quarter Moon Face
☀ Sun,Animals & Nature,☀,Sun
🌝 Full Moon Face,Animals & Nature,🌝,Full Moon Face
🌞 Sun With Face,Animals & Nature,🌞,Sun With Face
⭐ Star,Animals & Nature,⭐,Star
🌟 Glowing Star,Animals & Nature,🌟,Glowing Star
🌠 Shooting Star,Animals & Nature,🌠,Shooting Star
☁ Cloud,Animals & Nature,☁,Cloud
⛅ Sun Behind Cloud,Animals & Nature,⛅,Sun Behind Cloud
⛈ Cloud With Lightning and Rain,Animals & Nature,⛈,Cloud With Lightning and Rain
🌤 Sun Behind Small Cloud,Animals & Nature,🌤,Sun Behind Small Cloud
🌥 Sun Behind Large Cloud,Animals & Nature,🌥,Sun Behind Large Cloud
🌦 Sun Behind Rain Cloud,Animals & Nature,🌦,Sun Behind Rain Cloud
🌧 Cloud With Rain,Animals & Nature,🌧,Cloud With Rain
🌨 Cloud With Snow,Animals & Nature,🌨,Cloud With Snow
🌩 Cloud With Lightning,Animals & Nature,🌩,Cloud With Lightning
🌪 Tornado,Animals & Nature,🌪,Tornado
🌫 Fog,Animals & Nature,🌫,Fog
🌬 Wind Face,Animals & Nature,🌬,Wind Face
🌈 Rainbow,Animals & Nature,🌈,Rainbow
☂ Umbrella,Animals & Nature,☂,Umbrella
☔ Umbrella With Rain Drops,Animals & Nature,☔,Umbrella With Rain Drops
⚡ High Voltage,Animals & Nature,⚡,High Voltage
❄ Snowflake,Animals & Nature,❄,Snowflake
☃ Snowman,Animals & Nature,☃,Snowman
⛄ Snowman Without Snow,Animals & Nature,⛄,Snowman Without Snow
☄ Comet,Animals & Nature,☄,Comet
🔥 Fire,Animals & Nature,🔥,Fire
💧 Droplet,Animals & Nature,💧,Droplet
🌊 Water Wave,Animals & Nature,🌊,Water Wave
🎄 Christmas Tree,Animals & Nature,🎄,Christmas Tree
✨ Sparkles,Animals & Nature,✨,Sparkles
🎋 Tanabata Tree,Animals & Nature,🎋,Tanabata Tree
🎍 Pine Decoration,Animals & Nature,🎍,Pine Decoration
🍇 Grapes,Food & Drink,🍇,Grapes
🍈 Melon,Food & Drink,🍈,Melon
🍉 Watermelon,Food & Drink,🍉,Watermelon
🍊 Tangerine,Food & Drink,🍊,Tangerine
🍋 Lemon,Food & Drink,🍋,Lemon
🍌 Banana,Food & Drink,🍌,Banana
🍍 Pineapple,Food & Drink,🍍,Pineapple
🥭 Mango,Food & Drink,🥭,Mango
🍎 Red Apple,Food & Drink,🍎,Red Apple
🍏 Green Apple,Food & Drink,🍏,Green Apple
🍐 Pear,Food & Drink,🍐,Pear
🍑 Peach,Food & Drink,🍑,Peach
🍒 Cherries,Food & Drink,🍒,Cherries
🍓 Strawberry,Food & Drink,🍓,Strawberry
🥝 Kiwi Fruit,Food & Drink,🥝,Kiwi Fruit
🍅 Tomato,Food & Drink,🍅,Tomato
🥥 Coconut,Food & Drink,🥥,Coconut
🥑 Avocado,Food & Drink,🥑,Avocado
🍆 Eggplant,Food & Drink,🍆,Eggplant
🥔 Potato,Food & Drink,🥔,Potato
🥕 Carrot,Food & Drink,🥕,Carrot
🌽 Ear of Corn,Food & Drink,🌽,Ear of Corn
🌶 Hot Pepper,Food & Drink,🌶,Hot Pepper
🥒 Cucumber,Food & Drink,🥒,Cucumber
🥬 Leafy Green,Food & Drink,🥬,Leafy Green
🥦 Broccoli,Food & Drink,🥦,Broccoli
🍄 Mushroom,Food & Drink,🍄,Mushroom
🥜 Peanuts,Food & Drink,🥜,Peanuts
🌰 Chestnut,Food & Drink,🌰,Chestnut
🍞 Bread,Food & Drink,🍞,Bread
🥐 Croissant,Food & Drink,🥐,Croissant
🥖 Baguette Bread,Food & Drink,🥖,Baguette Bread
🥨 Pretzel,Food & Drink,🥨,Pretzel
🥯 Bagel,Food & Drink,🥯,Bagel
🥞 Pancakes,Food & Drink,🥞,Pancakes
🧀 Cheese Wedge,Food & Drink,🧀,Cheese Wedge
🍖 Meat on Bone,Food & Drink,🍖,Meat on Bone
🍗 Poultry Leg,Food & Drink,🍗,Poultry Leg
🥩 Cut of Meat,Food & Drink,🥩,Cut of Meat
🥓 Bacon,Food & Drink,🥓,Bacon
🍔 Hamburger,Food & Drink,🍔,Hamburger
🍟 French Fries,Food & Drink,🍟,French Fries
🍕 Pizza,Food & Drink,🍕,Pizza
🌭 Hot Dog,Food & Drink,🌭,Hot Dog
🥪 Sandwich,Food & Drink,🥪,Sandwich
🌮 Taco,Food & Drink,🌮,Taco
🌯 Burrito,Food & Drink,🌯,Burrito
🥙 Stuffed Flatbread,Food & Drink,🥙,Stuffed Flatbread
🍳 Cooking,Food & Drink,🍳,Cooking
🥘 Shallow Pan of Food,Food & Drink,🥘,Shallow Pan of Food
🍲 Pot of Food,Food & Drink,🍲,Pot of Food
🥣 Bowl With Spoon,Food & Drink,🥣,Bowl With Spoon
🥗 Green Salad,Food & Drink,🥗,Green Salad
🍿 Popcorn,Food & Drink,🍿,Popcorn
🧂 Salt,Food & Drink,🧂,Salt
🥫 Canned Food,Food & Drink,🥫,Canned Food
🍱 Bento Box,Food & Drink,🍱,Bento Box
🍘 Rice Cracker,Food & Drink,🍘,Rice Cracker
🍙 Rice Ball,Food & Drink,🍙,Rice Ball
🍚 Cooked Rice,Food & Drink,🍚,Cooked Rice
🍛 Curry Rice,Food & Drink,🍛,Curry Rice
🍜 Steaming Bowl,Food & Drink,🍜,Steaming Bowl
🍝 Spaghetti,Food & Drink,🍝,Spaghetti
🍠 Roasted Sweet Potato,Food & Drink,🍠,Roasted Sweet Potato
🍢 Oden,Food & Drink,🍢,Oden
🍣 Sushi,Food & Drink,🍣,Sushi
🍤 Fried Shrimp,Food & Drink,🍤,Fried Shrimp
🍥 Fish Cake With Swirl,Food & Drink,🍥,Fish Cake With Swirl
🥮 Moon Cake,Food & Drink,🥮,Moon Cake
🍡 Dango,Food & Drink,🍡,Dango
🥟 Dumpling,Food & Drink,🥟,Dumpling
🥠 Fortune Cookie,Food & Drink,🥠,Fortune Cookie
🥡 Takeout Box,Food & Drink,🥡,Takeout Box
🍦 Soft Ice Cream,Food & Drink,🍦,Soft Ice Cream
🍧 Shaved Ice,Food & Drink,🍧,Shaved Ice
🍨 Ice Cream,Food & Drink,🍨,Ice Cream
🍩 Doughnut,Food & Drink,🍩,Doughnut
🍪 Cookie,Food & Drink,🍪,Cookie
🎂 Birthday Cake,Food & Drink,🎂,Birthday Cake
🍰 Shortcake,Food & Drink,🍰,Shortcake
🧁 Cupcake,Food & Drink,🧁,Cupcake
🥧 Pie,Food & Drink,🥧,Pie
🍫 Chocolate Bar,Food & Drink,🍫,Chocolate Bar
🍬 Candy,Food & Drink,🍬,Candy
🍭 Lollipop,Food & Drink,🍭,Lollipop
🍮 Custard,Food & Drink,🍮,Custard
🍯 Honey Pot,Food & Drink,🍯,Honey Pot
🍼 Baby Bottle,Food & Drink,🍼,Baby Bottle
🥛 Glass of Milk,Food & Drink,🥛,Glass of Milk
☕ Hot Beverage,Food & Drink,☕,Hot Beverage
🍵 Teacup Without Handle,Food & Drink,🍵,Teacup Without Handle
🍶 Sake,Food & Drink,🍶,Sake
🍾 Bottle With Popping Cork,Food & Drink,🍾,Bottle With Popping Cork
🍷 Wine Glass,Food & Drink,🍷,Wine Glass
🍸 Cocktail Glass,Food & Drink,🍸,Cocktail Glass
🍹 Tropical Drink,Food & Drink,🍹,Tropical Drink
🍺 Beer Mug,Food & Drink,🍺,Beer Mug
🍻 Clinking Beer Mugs,Food & Drink,🍻,Clinking Beer Mugs
🥂 Clinking Glasses,Food & Drink,🥂,Clinking Glasses
🥃 Tumbler Glass,Food & Drink,🥃,Tumbler Glass
🥤 Cup With Straw,Food & Drink,🥤,Cup With Straw
🥢 Chopsticks,Food & Drink,🥢,Chopsticks
🍽 Fork and Knife With Plate,Food & Drink,🍽,Fork and Knife With Plate
🍴 Fork and Knife,Food & Drink,🍴,Fork and Knife
🥄 Spoon,Food & Drink,🥄,Spoon
🧗 Person Climbing,Activity,🧗,Person Climbing
🧗‍♀️ Woman Climbing,Activity,🧗‍♀️,Woman Climbing
🧗‍♂️ Man Climbing,Activity,🧗‍♂️,Man Climbing
🧘 Person in Lotus Position,Activity,🧘,Person in Lotus Position
🧘‍♀️ Woman in Lotus Position,Activity,🧘‍♀️,Woman in Lotus Position
🧘‍♂️ Man in Lotus Position,Activity,🧘‍♂️,Man in Lotus Position
🕴 Man in Suit Levitating,Activity,🕴,Man in Suit Levitating
🏇 Horse Racing,Activity,🏇,Horse Racing
⛷ Skier,Activity,⛷,Skier
🏂 Snowboarder,Activity,🏂,Snowboarder
🏌 Person Golfing,Activity,🏌,Person Golfing
🏌️‍♂️  Man Golfing,Activity,🏌️‍♂️ ,Man Golfing
🏌️‍♀️  Woman Golfing,Activity,🏌️‍♀️ ,Woman Golfing
🏄 Person Surfing,Activity,🏄,Person Surfing
🏄‍♂️ Man Surfing,Activity,🏄‍♂️,Man Surfing
🏄‍♀️ Woman Surfing,Activity,🏄‍♀️,Woman Surfing
🚣 Person Rowing Boat,Activity,🚣,Person Rowing Boat
🚣‍♂️ Man Rowing Boat,Activity,🚣‍♂️,Man Rowing Boat
🚣‍♀️ Woman Rowing Boat,Activity,🚣‍♀️,Woman Rowing Boat
🏊 Person Swimming,Activity,🏊,Person Swimming
🏊‍♂️ Man Swimming,Activity,🏊‍♂️,Man Swimming
🏊‍♀️ Woman Swimming,Activity,🏊‍♀️,Woman Swimming
⛹ Person Bouncing Ball,Activity,⛹,Person Bouncing Ball
⛹️‍♂️ Man Bouncing Ball,Activity,⛹️‍♂️,Man Bouncing Ball
⛹️‍♀️ Woman Bouncing Ball,Activity,⛹️‍♀️,Woman Bouncing Ball
🏋 Person Lifting Weights,Activity,🏋,Person Lifting Weights
🏋️‍♂️  Man Lifting Weights,Activity,🏋️‍♂️ ,Man Lifting Weights
🏋️‍♀️  Woman Lifting Weights,Activity,🏋️‍♀️ ,Woman Lifting Weights
🚴 Person Biking,Activity,🚴,Person Biking
🚴‍♂️ Man Biking,Activity,🚴‍♂️,Man Biking
🚴‍♀️ Woman Biking,Activity,🚴‍♀️,Woman Biking
🚵 Person Mountain Biking,Activity,🚵,Person Mountain Biking
🚵‍♂️ Man Mountain Biking,Activity,🚵‍♂️,Man Mountain Biking
🚵‍♀️ Woman Mountain Biking,Activity,🚵‍♀️,Woman Mountain Biking
🤸 Person Cartwheeling,Activity,🤸,Person Cartwheeling
🤸‍♂️ Man Cartwheeling,Activity,🤸‍♂️,Man Cartwheeling
🤸‍♀️ Woman Cartwheeling,Activity,🤸‍♀️,Woman Cartwheeling
🤼 People Wrestling,Activity,🤼,People Wrestling
🤼‍♂️ Men Wrestling,Activity,🤼‍♂️,Men Wrestling
🤼‍♀️ Women Wrestling,Activity,🤼‍♀️,Women Wrestling
🤽 Person Playing Water Polo,Activity,🤽,Person Playing Water Polo
🤽‍♂️ Man Playing Water Polo,Activity,🤽‍♂️,Man Playing Water Polo
🤽‍♀️ Woman Playing Water Polo,Activity,🤽‍♀️,Woman Playing Water Polo
🤾 Person Playing Handball,Activity,🤾,Person Playing Handball
🤾‍♂️ Man Playing Handball,Activity,🤾‍♂️,Man Playing Handball
🤾‍♀️ Woman Playing Handball,Activity,🤾‍♀️,Woman Playing Handball
🤹 Person Juggling,Activity,🤹,Person Juggling
🤹‍♂️ Man Juggling,Activity,🤹‍♂️,Man Juggling
🤹‍♀️ Woman Juggling,Activity,🤹‍♀️,Woman Juggling
🎪 Circus Tent,Activity,🎪,Circus Tent
🛹 Skateboard,Activity,🛹,Skateboard
🎗 Reminder Ribbon,Activity,🎗,Reminder Ribbon
🎟 Admission Tickets,Activity,🎟,Admission Tickets
🎫 Ticket,Activity,🎫,Ticket
🎖 Military Medal,Activity,🎖,Military Medal
🏆 Trophy,Activity,🏆,Trophy
🏅 Sports Medal,Activity,🏅,Sports Medal
🥇 1St Place Medal,Activity,🥇,1St Place Medal
🥈 2Nd Place Medal,Activity,🥈,2Nd Place Medal
🥉 3Rd Place Medal,Activity,🥉,3Rd Place Medal
⚽ Soccer Ball,Activity,⚽,Soccer Ball
⚾ Baseball,Activity,⚾,Baseball
🥎 Softball,Activity,🥎,Softball
🏀 Basketball,Activity,🏀,Basketball
🏐 Volleyball,Activity,🏐,Volleyball
🏈 American Football,Activity,🏈,American Football
🏉 Rugby Football,Activity,🏉,Rugby Football
🎾 Tennis,Activity,🎾,Tennis
🥏 Flying Disc,Activity,🥏,Flying Disc
🎳 Bowling,Activity,🎳,Bowling
🏏 Cricket Game,Activity,🏏,Cricket Game
🏑 Field Hockey,Activity,🏑,Field Hockey
🏒 Ice Hockey,Activity,🏒,Ice Hockey
🥍 Lacrosse,Activity,🥍,Lacrosse
🏓 Ping Pong,Activity,🏓,Ping Pong
🏸 Badminton,Activity,🏸,Badminton
🥊 Boxing Glove,Activity,🥊,Boxing Glove
🥋 Martial Arts Uniform,Activity,🥋,Martial Arts Uniform
⛳ Flag in Hole,Activity,⛳,Flag in Hole
⛸ Ice Skate,Activity,⛸,Ice Skate
🎣 Fishing Pole,Activity,🎣,Fishing Pole
🎽 Running Shirt,Activity,🎽,Running Shirt
🎿 Skis,Activity,🎿,Skis
🛷 Sled,Activity,🛷,Sled
🥌 Curling Stone,Activity,🥌,Curling Stone
🎯 Direct Hit,Activity,🎯,Direct Hit
🎱 Pool 8 Ball,Activity,🎱,Pool 8 Ball
🎮 Video Game,Activity,🎮,Video Game
🎰 Slot Machine,Activity,🎰,Slot Machine
🎲 Game Die,Activity,🎲,Game Die
🧩 Jigsaw,Activity,🧩,Jigsaw
♟ Chess Pawn,Activity,♟,Chess Pawn
🎭 Performing Arts,Activity,🎭,Performing Arts
🎨 Artist Palette,Activity,🎨,Artist Palette
🎼 Musical Score,Activity,🎼,Musical Score
🎤 Microphone,Activity,🎤,Microphone
🎧 Headphone,Activity,🎧,Headphone
🎷 Saxophone,Activity,🎷,Saxophone
🎸 Guitar,Activity,🎸,Guitar
🎹 Musical Keyboard,Activity,🎹,Musical Keyboard
🎺 Trumpet,Activity,🎺,Trumpet
🎻 Violin,Activity,🎻,Violin
🥁 Drum,Activity,🥁,Drum
🎬 Clapper Board,Activity,🎬,Clapper Board
🏹 Bow and Arrow,Activity,🏹,Bow and Arrow
🧵 Thread,Activity,🧵,Thread
🧶 Yarn,Activity,🧶,Yarn
🚣 Person Rowing Boat,Travel & Places,🚣,Person Rowing Boat
🏎 Racing Car,Travel & Places,🏎,Racing Car
🏍 Motorcycle,Travel & Places,🏍,Motorcycle
🗾 Map of Japan,Travel & Places,🗾,Map of Japan
🏔 Snow-Capped Mountain,Travel & Places,🏔,Snow-Capped Mountain
⛰ Mountain,Travel & Places,⛰,Mountain
🌋 Volcano,Travel & Places,🌋,Volcano
🗻 Mount Fuji,Travel & Places,🗻,Mount Fuji
🏕 Camping,Travel & Places,🏕,Camping
🏖 Beach With Umbrella,Travel & Places,🏖,Beach With Umbrella
🏜 Desert,Travel & Places,🏜,Desert
🏝 Desert Island,Travel & Places,🏝,Desert Island
🏞 National Park,Travel & Places,🏞,National Park
🏟 Stadium,Travel & Places,🏟,Stadium
🏛 Classical Building,Travel & Places,🏛,Classical Building
🏗 Building Construction,Travel & Places,🏗,Building Construction
🏘 Houses,Travel & Places,🏘,Houses
🏚 Derelict House,Travel & Places,🏚,Derelict House
🏠 House,Travel & Places,🏠,House
🏡 House With Garden,Travel & Places,🏡,House With Garden
🏢 Office Building,Travel & Places,🏢,Office Building
🏣 Japanese Post Office,Travel & Places,🏣,Japanese Post Office
🏤 Post Office,Travel & Places,🏤,Post Office
🏥 Hospital,Travel & Places,🏥,Hospital
🏦 Bank,Travel & Places,🏦,Bank
🏨 Hotel,Travel & Places,🏨,Hotel
🏩 Love Hotel,Travel & Places,🏩,Love Hotel
🏪 Convenience Store,Travel & Places,🏪,Convenience Store
🏫 School,Travel & Places,🏫,School
🏬 Department Store,Travel & Places,🏬,Department Store
🏭 Factory,Travel & Places,🏭,Factory
🏯 Japanese Castle,Travel & Places,🏯,Japanese Castle
🏰 Castle,Travel & Places,🏰,Castle
💒 Wedding,Travel & Places,💒,Wedding
🗼 Tokyo Tower,Travel & Places,🗼,Tokyo Tower
🗽 Statue of Liberty,Travel & Places,🗽,Statue of Liberty
⛪ Church,Travel & Places,⛪,Church
🕌 Mosque,Travel & Places,🕌,Mosque
🕍 Synagogue,Travel & Places,🕍,Synagogue
⛩ Shinto Shrine,Travel & Places,⛩,Shinto Shrine
🕋 Kaaba,Travel & Places,🕋,Kaaba
⛲ Fountain,Travel & Places,⛲,Fountain
⛺ Tent,Travel & Places,⛺,Tent
🌁 Foggy,Travel & Places,🌁,Foggy
🌃 Night With Stars,Travel & Places,🌃,Night With Stars
🏙 Cityscape,Travel & Places,🏙,Cityscape
🌄 Sunrise Over Mountains,Travel & Places,🌄,Sunrise Over Mountains
🌅 Sunrise,Travel & Places,🌅,Sunrise
🌆 Cityscape at Dusk,Travel & Places,🌆,Cityscape at Dusk
🌇 Sunset,Travel & Places,🌇,Sunset
🌉 Bridge at Night,Travel & Places,🌉,Bridge at Night
🌌 Milky Way,Travel & Places,🌌,Milky Way
🎠 Carousel Horse,Travel & Places,🎠,Carousel Horse
🎡 Ferris Wheel,Travel & Places,🎡,Ferris Wheel
🎢 Roller Coaster,Travel & Places,🎢,Roller Coaster
🚂 Locomotive,Travel & Places,🚂,Locomotive
🚃 Railway Car,Travel & Places,🚃,Railway Car
🚄 High-Speed Train,Travel & Places,🚄,High-Speed Train
🚅 Bullet Train,Travel & Places,🚅,Bullet Train
🚆 Train,Travel & Places,🚆,Train
🚇 Metro,Travel & Places,🚇,Metro
🚈 Light Rail,Travel & Places,🚈,Light Rail
🚉 Station,Travel & Places,🚉,Station
🚊 Tram,Travel & Places,🚊,Tram
🚝 Monorail,Travel & Places,🚝,Monorail
🚞 Mountain Railway,Travel & Places,🚞,Mountain Railway
🚋 Tram Car,Travel & Places,🚋,Tram Car
🚌 Bus,Travel & Places,🚌,Bus
🚍 Oncoming Bus,Travel & Places,🚍,Oncoming Bus
🚎 Trolleybus,Travel & Places,🚎,Trolleybus
🚐 Minibus,Travel & Places,🚐,Minibus
🚑 Ambulance,Travel & Places,🚑,Ambulance
🚒 Fire Engine,Travel & Places,🚒,Fire Engine
🚓 Police Car,Travel & Places,🚓,Police Car
🚔 Oncoming Police Car,Travel & Places,🚔,Oncoming Police Car
🚕 Taxi,Travel & Places,🚕,Taxi
🚖 Oncoming Taxi,Travel & Places,🚖,Oncoming Taxi
🚗 Automobile,Travel & Places,🚗,Automobile
🚘 Oncoming Automobile,Travel & Places,🚘,Oncoming Automobile
🚚 Delivery Truck,Travel & Places,🚚,Delivery Truck
🚛 Articulated Lorry,Travel & Places,🚛,Articulated Lorry
🚜 Tractor,Travel & Places,🚜,Tractor
🚲 Bicycle,Travel & Places,🚲,Bicycle
🛴 Kick Scooter,Travel & Places,🛴,Kick Scooter
🛵 Motor Scooter,Travel & Places,🛵,Motor Scooter
🚏 Bus Stop,Travel & Places,🚏,Bus Stop
🛤 Railway Track,Travel & Places,🛤,Railway Track
⛽ Fuel Pump,Travel & Places,⛽,Fuel Pump
🚨 Police Car Light,Travel & Places,🚨,Police Car Light
🚥 Horizontal Traffic Light,Travel & Places,🚥,Horizontal Traffic Light
🚦 Vertical Traffic Light,Travel & Places,🚦,Vertical Traffic Light
🚧 Construction,Travel & Places,🚧,Construction
⚓ Anchor,Travel & Places,⚓,Anchor
⛵ Sailboat,Travel & Places,⛵,Sailboat
🚤 Speedboat,Travel & Places,🚤,Speedboat
🛳 Passenger Ship,Travel & Places,🛳,Passenger Ship
⛴ Ferry,Travel & Places,⛴,Ferry
🛥 Motor Boat,Travel & Places,🛥,Motor Boat
🚢 Ship,Travel & Places,🚢,Ship
✈ Airplane,Travel & Places,✈,Airplane
🛩 Small Airplane,Travel & Places,🛩,Small Airplane
🛫 Airplane Departure,Travel & Places,🛫,Airplane Departure
🛬 Airplane Arrival,Travel & Places,🛬,Airplane Arrival
💺 Seat,Travel & Places,💺,Seat
🚁 Helicopter,Travel & Places,🚁,Helicopter
🚟 Suspension Railway,Travel & Places,🚟,Suspension Railway
🚠 Mountain Cableway,Travel & Places,🚠,Mountain Cableway
🚡 Aerial Tramway,Travel & Places,🚡,Aerial Tramway
🛰 Satellite,Travel & Places,🛰,Satellite
🚀 Rocket,Travel & Places,🚀,Rocket
🛸 Flying Saucer,Travel & Places,🛸,Flying Saucer
🌠 Shooting Star,Travel & Places,🌠,Shooting Star
⛱ Umbrella on Ground,Travel & Places,⛱,Umbrella on Ground
🎆 Fireworks,Travel & Places,🎆,Fireworks
🎇 Sparkler,Travel & Places,🎇,Sparkler
🎑 Moon Viewing Ceremony,Travel & Places,🎑,Moon Viewing Ceremony
💴 Yen Banknote,Travel & Places,💴,Yen Banknote
💵 Dollar Banknote,Travel & Places,💵,Dollar Banknote
💶 Euro Banknote,Travel & Places,💶,Euro Banknote
💷 Pound Banknote,Travel & Places,💷,Pound Banknote
🗿 Moai,Travel & Places,🗿,Moai
🛂 Passport Control,Travel & Places,🛂,Passport Control
🛃 Customs,Travel & Places,🛃,Customs
🛄 Baggage Claim,Travel & Places,🛄,Baggage Claim
🛅 Left Luggage,Travel & Places,🛅,Left Luggage
☠ Skull and Crossbones,Objects,☠,Skull and Crossbones
🛀 Person Taking Bath,Objects,🛀,Person Taking Bath
🛌 Person in Bed,Objects,🛌,Person in Bed
💌 Love Letter,Objects,💌,Love Letter
💣 Bomb,Objects,💣,Bomb
🕳 Hole,Objects,🕳,Hole
🛍 Shopping Bags,Objects,🛍,Shopping Bags
📿 Prayer Beads,Objects,📿,Prayer Beads
💎 Gem Stone,Objects,💎,Gem Stone
🔪 Kitchen Knife,Objects,🔪,Kitchen Knife
🏺 Amphora,Objects,🏺,Amphora
🗺 World Map,Objects,🗺,World Map
🧭 Compass,Objects,🧭,Compass
🧱 Brick,Objects,🧱,Brick
💈 Barber Pole,Objects,💈,Barber Pole
🛢 Oil Drum,Objects,🛢,Oil Drum
🛎 Bellhop Bell,Objects,🛎,Bellhop Bell
🧳 Luggage,Objects,🧳,Luggage
⌛ Hourglass Done,Objects,⌛,Hourglass Done
⏳ Hourglass Not Done,Objects,⏳,Hourglass Not Done
⌚ Watch,Objects,⌚,Watch
⏰ Alarm Clock,Objects,⏰,Alarm Clock
⏱ Stopwatch,Objects,⏱,Stopwatch
⏲ Timer Clock,Objects,⏲,Timer Clock
🕰 Mantelpiece Clock,Objects,🕰,Mantelpiece Clock
🌡 Thermometer,Objects,🌡,Thermometer
⛱ Umbrella on Ground,Objects,⛱,Umbrella on Ground
🧨 Firecracker,Objects,🧨,Firecracker
🎈 Balloon,Objects,🎈,Balloon
🎉 Party Popper,Objects,🎉,Party Popper
🎊 Confetti Ball,Objects,🎊,Confetti Ball
🎎 Japanese Dolls,Objects,🎎,Japanese Dolls
🎏 Carp Streamer,Objects,🎏,Carp Streamer
🎐 Wind Chime,Objects,🎐,Wind Chime
🧧 Red Envelope,Objects,🧧,Red Envelope
🎀 Ribbon,Objects,🎀,Ribbon
🎁 Wrapped Gift,Objects,🎁,Wrapped Gift
🔮 Crystal Ball,Objects,🔮,Crystal Ball
🧿 Nazar Amulet,Objects,🧿,Nazar Amulet
🕹 Joystick,Objects,🕹,Joystick
🧸 Teddy Bear,Objects,🧸,Teddy Bear
🖼 Framed Picture,Objects,🖼,Framed Picture
📯 Postal Horn,Objects,📯,Postal Horn
🎙 Studio Microphone,Objects,🎙,Studio Microphone
🎚 Level Slider,Objects,🎚,Level Slider
🎛 Control Knobs,Objects,🎛,Control Knobs
📻 Radio,Objects,📻,Radio
📱 Mobile Phone,Objects,📱,Mobile Phone
📲 Mobile Phone With Arrow,Objects,📲,Mobile Phone With Arrow
☎ Telephone,Objects,☎,Telephone
📞 Telephone Receiver,Objects,📞,Telephone Receiver
📟 Pager,Objects,📟,Pager
📠 Fax Machine,Objects,📠,Fax Machine
🔋 Battery,Objects,🔋,Battery
🔌 Electric Plug,Objects,🔌,Electric Plug
💻 Laptop Computer,Objects,💻,Laptop Computer
🖥 Desktop Computer,Objects,🖥,Desktop Computer
🖨 Printer,Objects,🖨,Printer
⌨ Keyboard,Objects,⌨,Keyboard
🖱 Computer Mouse,Objects,🖱,Computer Mouse
🖲 Trackball,Objects,🖲,Trackball
💽 Computer Disk,Objects,💽,Computer Disk
💾 Floppy Disk,Objects,💾,Floppy Disk
💿 Optical Disk,Objects,💿,Optical Disk
📀 DVD,Objects,📀,DVD
🧮 Abacus,Objects,🧮,Abacus
🎥 Movie Camera,Objects,🎥,Movie Camera
🎞 Film Frames,Objects,🎞,Film Frames
📽 Film Projector,Objects,📽,Film Projector
📺 Television,Objects,📺,Television
📷 Camera,Objects,📷,Camera
📸 Camera With Flash,Objects,📸,Camera With Flash
📹 Video Camera,Objects,📹,Video Camera
📼 Videocassette,Objects,📼,Videocassette
🔍 Magnifying Glass Tilted Left,Objects,🔍,Magnifying Glass Tilted Left
🔎 Magnifying Glass Tilted Right,Objects,🔎,Magnifying Glass Tilted Right
🕯 Candle,Objects,🕯,Candle
💡 Light Bulb,Objects,💡,Light Bulb
🔦 Flashlight,Objects,🔦,Flashlight
🏮 Red Paper Lantern,Objects,🏮,Red Paper Lantern
📔 Notebook With Decorative Cover,Objects,📔,Notebook With Decorative Cover
📕 Closed Book,Objects,📕,Closed Book
📖 Open Book,Objects,📖,Open Book
📗 Green Book,Objects,📗,Green Book
📘 Blue Book,Objects,📘,Blue Book
📙 Orange Book,Objects,📙,Orange Book
📚 Books,Objects,📚,Books
📓 Notebook,Objects,📓,Notebook
📃 Page With Curl,Objects,📃,Page With Curl
📜 Scroll,Objects,📜,Scroll
📄 Page Facing Up,Objects,📄,Page Facing Up
📰 Newspaper,Objects,📰,Newspaper
🗞 Rolled-Up Newspaper,Objects,🗞,Rolled-Up Newspaper
📑 Bookmark Tabs,Objects,📑,Bookmark Tabs
🔖 Bookmark,Objects,🔖,Bookmark
🏷 Label,Objects,🏷,Label
💰 Money Bag,Objects,💰,Money Bag
💴 Yen Banknote,Objects,💴,Yen Banknote
💵 Dollar Banknote,Objects,💵,Dollar Banknote
💶 Euro Banknote,Objects,💶,Euro Banknote
💷 Pound Banknote,Objects,💷,Pound Banknote
💸 Money With Wings,Objects,💸,Money With Wings
💳 Credit Card,Objects,💳,Credit Card
🧾 Receipt,Objects,🧾,Receipt
✉ Envelope,Objects,✉,Envelope
📧 E-Mail,Objects,📧,E-Mail
📨 Incoming Envelope,Objects,📨,Incoming Envelope
📩 Envelope With Arrow,Objects,📩,Envelope With Arrow
📤 Outbox Tray,Objects,📤,Outbox Tray
📥 Inbox Tray,Objects,📥,Inbox Tray
📦 Package,Objects,📦,Package
📫 Closed Mailbox With Raised Flag,Objects,📫,Closed Mailbox With Raised Flag
📪 Closed Mailbox With Lowered Flag,Objects,📪,Closed Mailbox With Lowered Flag
📬 Open Mailbox With Raised Flag,Objects,📬,Open Mailbox With Raised Flag
📭 Open Mailbox With Lowered Flag,Objects,📭,Open Mailbox With Lowered Flag
📮 Postbox,Objects,📮,Postbox
🗳 Ballot Box With Ballot,Objects,🗳,Ballot Box With Ballot
✏ Pencil,Objects,✏,Pencil
✒ Black Nib,Objects,✒,Black Nib
🖋 Fountain Pen,Objects,🖋,Fountain Pen
🖊 Pen,Objects,🖊,Pen
🖌 Paintbrush,Objects,🖌,Paintbrush
🖍 Crayon,Objects,🖍,Crayon
📝 Memo,Objects,📝,Memo
📁 File Folder,Objects,📁,File Folder
📂 Open File Folder,Objects,📂,Open File Folder
🗂 Card Index Dividers,Objects,🗂,Card Index Dividers
📅 Calendar,Objects,📅,Calendar
📆 Tear-Off Calendar,Objects,📆,Tear-Off Calendar
🗒 Spiral Notepad,Objects,🗒,Spiral Notepad
🗓 Spiral Calendar,Objects,🗓,Spiral Calendar
📇 Card Index,Objects,📇,Card Index
📈 Chart Increasing,Objects,📈,Chart Increasing
📉 Chart Decreasing,Objects,📉,Chart Decreasing
📊 Bar Chart,Objects,📊,Bar Chart
📋 Clipboard,Objects,📋,Clipboard
📌 Pushpin,Objects,📌,Pushpin
📍 Round Pushpin,Objects,📍,Round Pushpin
📎 Paperclip,Objects,📎,Paperclip
🖇 Linked Paperclips,Objects,🖇,Linked Paperclips
📏 Straight Ruler,Objects,📏,Straight Ruler
📐 Triangular Ruler,Objects,📐,Triangular Ruler
✂ Scissors,Objects,✂,Scissors
🗃 Card File Box,Objects,🗃,Card File Box
🗄 File Cabinet,Objects,🗄,File Cabinet
🗑 Wastebasket,Objects,🗑,Wastebasket
🔒 Locked,Objects,🔒,Locked
🔓 Unlocked,Objects,🔓,Unlocked
🔏 Locked With Pen,Objects,🔏,Locked With Pen
🔐 Locked With Key,Objects,🔐,Locked With Key
🔑 Key,Objects,🔑,Key
🗝 Old Key,Objects,🗝,Old Key
🔨 Hammer,Objects,🔨,Hammer
⛏ Pick,Objects,⛏,Pick
⚒ Hammer and Pick,Objects,⚒,Hammer and Pick
🛠 Hammer and Wrench,Objects,🛠,Hammer and Wrench
🗡 Dagger,Objects,🗡,Dagger
⚔ Crossed Swords,Objects,⚔,Crossed Swords
🔫 Pistol,Objects,🔫,Pistol
🛡 Shield,Objects,🛡,Shield
🔧 Wrench,Objects,🔧,Wrench
🔩 Nut and Bolt,Objects,🔩,Nut and Bolt
⚙ Gear,Objects,⚙,Gear
🗜 Clamp,Objects,🗜,Clamp
⚖ Balance Scale,Objects,⚖,Balance Scale
🔗 Link,Objects,🔗,Link
⛓ Chains,Objects,⛓,Chains
🧰 Toolbox,Objects,🧰,Toolbox
🧲 Magnet,Objects,🧲,Magnet
⚗ Alembic,Objects,⚗,Alembic
🧪 Test Tube,Objects,🧪,Test Tube
🧫 Petri Dish,Objects,🧫,Petri Dish
🧬 DNA,Objects,🧬,DNA
🧯 Fire Extinguisher,Objects,🧯,Fire Extinguisher
🔬 Microscope,Objects,🔬,Microscope
🔭 Telescope,Objects,🔭,Telescope
📡 Satellite Antenna,Objects,📡,Satellite Antenna
💉 Syringe,Objects,💉,Syringe
💊 Pill,Objects,💊,Pill
🚪 Door,Objects,🚪,Door
🛏 Bed,Objects,🛏,Bed
🛋 Couch and Lamp,Objects,🛋,Couch and Lamp
🚽 Toilet,Objects,🚽,Toilet
🚿 Shower,Objects,🚿,Shower
🛁 Bathtub,Objects,🛁,Bathtub
🧴 Lotion Bottle,Objects,🧴,Lotion Bottle
🧵 Thread,Objects,🧵,Thread
🧶 Yarn,Objects,🧶,Yarn
🧷 Safety Pin,Objects,🧷,Safety Pin
🧹 Broom,Objects,🧹,Broom
🧺 Basket,Objects,🧺,Basket
🧻 Roll of Paper,Objects,🧻,Roll of Paper
🧼 Soap,Objects,🧼,Soap
🧽 Sponge,Objects,🧽,Sponge
🚬 Cigarette,Objects,🚬,Cigarette
⚰ Coffin,Objects,⚰,Coffin
⚱ Funeral Urn,Objects,⚱,Funeral Urn
🗿 Moai,Objects,🗿,Moai
🚰 Potable Water,Objects,🚰,Potable Water
👁 ‍🗨 Eye in Speech Bubble,Symbols,👁,‍🗨 Eye in Speech Bubble
💘 Heart With Arrow,Symbols,💘,Heart With Arrow
❤ Red Heart,Symbols,❤,Red Heart
💓 Beating Heart,Symbols,💓,Beating Heart
💔 Broken Heart,Symbols,💔,Broken Heart
💕 Two Hearts,Symbols,💕,Two Hearts
💖 Sparkling Heart,Symbols,💖,Sparkling Heart
💗 Growing Heart,Symbols,💗,Growing Heart
💙 Blue Heart,Symbols,💙,Blue Heart
💚 Green Heart,Symbols,💚,Green Heart
💛 Yellow Heart,Symbols,💛,Yellow Heart
🧡 Orange Heart,Symbols,🧡,Orange Heart
💜 Purple Heart,Symbols,💜,Purple Heart
🖤 Black Heart,Symbols,🖤,Black Heart
💝 Heart With Ribbon,Symbols,💝,Heart With Ribbon
💞 Revolving Hearts,Symbols,💞,Revolving Hearts
💟 Heart Decoration,Symbols,💟,Heart Decoration
❣ Heavy Heart Exclamation,Symbols,❣,Heavy Heart Exclamation
💤 Zzz,Symbols,💤,Zzz
💢 Anger Symbol,Symbols,💢,Anger Symbol
💬 Speech Balloon,Symbols,💬,Speech Balloon
🗯 Right Anger Bubble,Symbols,🗯,Right Anger Bubble
💭 Thought Balloon,Symbols,💭,Thought Balloon
💮 White Flower,Symbols,💮,White Flower
♨ Hot Springs,Symbols,♨,Hot Springs
💈 Barber Pole,Symbols,💈,Barber Pole
🛑 Stop Sign,Symbols,🛑,Stop Sign
🕛 Twelve O’Clock,Symbols,🕛,Twelve O’Clock
🕧 Twelve-Thirty,Symbols,🕧,Twelve-Thirty
🕐 One O’Clock,Symbols,🕐,One O’Clock
🕜 One-Thirty,Symbols,🕜,One-Thirty
🕑 Two O’Clock,Symbols,🕑,Two O’Clock
🕝 Two-Thirty,Symbols,🕝,Two-Thirty
🕒 Three O’Clock,Symbols,🕒,Three O’Clock
🕞 Three-Thirty,Symbols,🕞,Three-Thirty
🕓 Four O’Clock,Symbols,🕓,Four O’Clock
🕟 Four-Thirty,Symbols,🕟,Four-Thirty
🕔 Five O’Clock,Symbols,🕔,Five O’Clock
🕠 Five-Thirty,Symbols,🕠,Five-Thirty
🕕 Six O’Clock,Symbols,🕕,Six O’Clock
🕡 Six-Thirty,Symbols,🕡,Six-Thirty
🕖 Seven O’Clock,Symbols,🕖,Seven O’Clock
🕢 Seven-Thirty,Symbols,🕢,Seven-Thirty
🕗 Eight O’Clock,Symbols,🕗,Eight O’Clock
🕣 Eight-Thirty,Symbols,🕣,Eight-Thirty
🕘 Nine O’Clock,Symbols,🕘,Nine O’Clock
🕤 Nine-Thirty,Symbols,🕤,Nine-Thirty
🕙 Ten O’Clock,Symbols,🕙,Ten O’Clock
🕥 Ten-Thirty,Symbols,🕥,Ten-Thirty
🕚 Eleven O’Clock,Symbols,🕚,Eleven O’Clock
🕦 Eleven-Thirty,Symbols,🕦,Eleven-Thirty
🌀 Cyclone,Symbols,🌀,Cyclone
♠ Spade Suit,Symbols,♠,Spade Suit
♥ Heart Suit,Symbols,♥,Heart Suit
♦ Diamond Suit,Symbols,♦,Diamond Suit
♣ Club Suit,Symbols,♣,Club Suit
🃏 Joker,Symbols,🃏,Joker
🀄 Mahjong Red Dragon,Symbols,🀄,Mahjong Red Dragon
🎴 Flower Playing Cards,Symbols,🎴,Flower Playing Cards
🔇 Muted Speaker,Symbols,🔇,Muted Speaker
🔈 Speaker Low Volume,Symbols,🔈,Speaker Low Volume
🔉 Speaker Medium Volume,Symbols,🔉,Speaker Medium Volume
🔊 Speaker High Volume,Symbols,🔊,Speaker High Volume
📢 Loudspeaker,Symbols,📢,Loudspeaker
📣 Megaphone,Symbols,📣,Megaphone
📯 Postal Horn,Symbols,📯,Postal Horn
🔔 Bell,Symbols,🔔,Bell
🔕 Bell With Slash,Symbols,🔕,Bell With Slash
🎵 Musical Note,Symbols,🎵,Musical Note
🎶 Musical Notes,Symbols,🎶,Musical Notes
🏧 ATM Sign,Symbols,🏧,ATM Sign
🚮 Litter in Bin Sign,Symbols,🚮,Litter in Bin Sign
🚰 Potable Water,Symbols,🚰,Potable Water
♿ Wheelchair Symbol,Symbols,♿,Wheelchair Symbol
🚹 Men’S Room,Symbols,🚹,Men’S Room
🚺 Women’S Room,Symbols,🚺,Women’S Room
🚻 Restroom,Symbols,🚻,Restroom
🚼 Baby Symbol,Symbols,🚼,Baby Symbol
🚾 Water Closet,Symbols,🚾,Water Closet
⚠ Warning,Symbols,⚠,Warning
🚸 Children Crossing,Symbols,🚸,Children Crossing
⛔ No Entry,Symbols,⛔,No Entry
🚫 Prohibited,Symbols,🚫,Prohibited
🚳 No Bicycles,Symbols,🚳,No Bicycles
🚭 No Smoking,Symbols,🚭,No Smoking
🚯 No Littering,Symbols,🚯,No Littering
🚱 Non-Potable Water,Symbols,🚱,Non-Potable Water
🚷 No Pedestrians,Symbols,🚷,No Pedestrians
🔞 No One Under Eighteen,Symbols,🔞,No One Under Eighteen
☢ Radioactive,Symbols,☢,Radioactive
☣ Biohazard,Symbols,☣,Biohazard
⬆ Up Arrow,Symbols,⬆,Up Arrow
↗ Up-Right Arrow,Symbols,↗,Up-Right Arrow
➡ Right Arrow,Symbols,➡,Right Arrow
↘ Down-Right Arrow,Symbols,↘,Down-Right Arrow
⬇ Down Arrow,Symbols,⬇,Down Arrow
↙ Down-Left Arrow,Symbols,↙,Down-Left Arrow
⬅ Left Arrow,Symbols,⬅,Left Arrow
↖ Up-Left Arrow,Symbols,↖,Up-Left Arrow
↕ Up-Down Arrow,Symbols,↕,Up-Down Arrow
↔ Left-Right Arrow,Symbols,↔,Left-Right Arrow
↩ Right Arrow Curving Left,Symbols,↩,Right Arrow Curving Left
↪ Left Arrow Curving Right,Symbols,↪,Left Arrow Curving Right
⤴ Right Arrow Curving Up,Symbols,⤴,Right Arrow Curving Up
⤵ Right Arrow Curving Down,Symbols,⤵,Right Arrow Curving Down
🔃 Clockwise Vertical Arrows,Symbols,🔃,Clockwise Vertical Arrows
🔄 Counterclockwise Arrows Button,Symbols,🔄,Counterclockwise Arrows Button
🔙 Back Arrow,Symbols,🔙,Back Arrow
🔚 End Arrow,Symbols,🔚,End Arrow
🔛 On! Arrow,Symbols,🔛,On! Arrow
🔜 Soon Arrow,Symbols,🔜,Soon Arrow
🔝 Top Arrow,Symbols,🔝,Top Arrow
🛐 Place of Worship,Symbols,🛐,Place of Worship
⚛ Atom Symbol,Symbols,⚛,Atom Symbol
♾ Infinity,Symbols,♾,Infinity
🕉 Om,Symbols,🕉,Om
✡ Star of David,Symbols,✡,Star of David
☸ Wheel of Dharma,Symbols,☸,Wheel of Dharma
☯ Yin Yang,Symbols,☯,Yin Yang
✝ Latin Cross,Symbols,✝,Latin Cross
☦ Orthodox Cross,Symbols,☦,Orthodox Cross
☪ Star and Crescent,Symbols,☪,Star and Crescent
☮ Peace Symbol,Symbols,☮,Peace Symbol
🕎 Menorah,Symbols,🕎,Menorah
🔯 Dotted Six-Pointed Star,Symbols,🔯,Dotted Six-Pointed Star
♈ Aries,Symbols,♈,Aries
♉ Taurus,Symbols,♉,Taurus
♊ Gemini,Symbols,♊,Gemini
♋ Cancer,Symbols,♋,Cancer
♌ Leo,Symbols,♌,Leo
♍ Virgo,Symbols,♍,Virgo
♎ Libra,Symbols,♎,Libra
♏ Scorpio,Symbols,♏,Scorpio
♐ Sagittarius,Symbols,♐,Sagittarius
♑ Capricorn,Symbols,♑,Capricorn
♒ Aquarius,Symbols,♒,Aquarius
♓ Pisces,Symbols,♓,Pisces
⛎ Ophiuchus,Symbols,⛎,Ophiuchus
🔀 Shuffle Tracks Button,Symbols,🔀,Shuffle Tracks Button
🔁 Repeat Button,Symbols,🔁,Repeat Button
🔂 Repeat Single Button,Symbols,🔂,Repeat Single Button
▶ Play Button,Symbols,▶,Play Button
⏩ Fast-Forward Button,Symbols,⏩,Fast-Forward Button
◀ Reverse Button,Symbols,◀,Reverse Button
⏪ Fast Reverse Button,Symbols,⏪,Fast Reverse Button
🔼 Upwards Button,Symbols,🔼,Upwards Button
⏫ Fast Up Button,Symbols,⏫,Fast Up Button
🔽 Downwards Button,Symbols,🔽,Downwards Button
⏬ Fast Down Button,Symbols,⏬,Fast Down Button
⏹ Stop Button,Symbols,⏹,Stop Button
⏏ Eject Button,Symbols,⏏,Eject Button
🎦 Cinema,Symbols,🎦,Cinema
🔅 Dim Button,Symbols,🔅,Dim Button
🔆 Bright Button,Symbols,🔆,Bright Button
📶 Antenna Bars,Symbols,📶,Antenna Bars
📳 Vibration Mode,Symbols,📳,Vibration Mode
📴 Mobile Phone Off,Symbols,📴,Mobile Phone Off
♻ Recycling Symbol,Symbols,♻,Recycling Symbol
🔱 Trident Emblem,Symbols,🔱,Trident Emblem
📛 Name Badge,Symbols,📛,Name Badge
🔰 Japanese Symbol for Beginner,Symbols,🔰,Japanese Symbol for Beginner
⭕ Heavy Large Circle,Symbols,⭕,Heavy Large Circle
✅ White Heavy Check Mark,Symbols,✅,White Heavy Check Mark
☑ Ballot Box With Check,Symbols,☑,Ballot Box With Check
✔ Heavy Check Mark,Symbols,✔,Heavy Check Mark
✖ Heavy Multiplication X,Symbols,✖,Heavy Multiplication X
❌ Cross Mark,Symbols,❌,Cross Mark
❎ Cross Mark Button,Symbols,❎,Cross Mark Button
➕ Heavy Plus Sign,Symbols,➕,Heavy Plus Sign
➖ Heavy Minus Sign,Symbols,➖,Heavy Minus Sign
➗ Heavy Division Sign,Symbols,➗,Heavy Division Sign
➰ Curly Loop,Symbols,➰,Curly Loop
➿ Double Curly Loop,Symbols,➿,Double Curly Loop
〽 Part Alternation Mark,Symbols,〽,Part Alternation Mark
✳ Eight-Spoked Asterisk,Symbols,✳,Eight-Spoked Asterisk
✴ Eight-Pointed Star,Symbols,✴,Eight-Pointed Star
❇ Sparkle,Symbols,❇,Sparkle
‼ Double Exclamation Mark,Symbols,‼,Double Exclamation Mark
⁉ Exclamation Question Mark,Symbols,⁉,Exclamation Question Mark
❓ Question Mark,Symbols,❓,Question Mark
❔ White Question Mark,Symbols,❔,White Question Mark
❕ White Exclamation Mark,Symbols,❕,White Exclamation Mark
❗ Exclamation Mark,Symbols,❗,Exclamation Mark
© Copyright,Symbols,©,Copyright
® Registered,Symbols,®,Registered
™ Trade Mark,Symbols,™,Trade Mark
#️⃣ Keycap Number Sign,Symbols,#️⃣,Keycap Number Sign
0️⃣ Keycap Digit Zero,Symbols,0️⃣,Keycap Digit Zero
1️⃣ Keycap Digit One,Symbols,1️⃣,Keycap Digit One
2️⃣ Keycap Digit Two,Symbols,2️⃣,Keycap Digit Two
3️⃣ Keycap Digit Three,Symbols,3️⃣,Keycap Digit Three
4️⃣ Keycap Digit Four,Symbols,4️⃣,Keycap Digit Four
5️⃣ Keycap Digit Five,Symbols,5️⃣,Keycap Digit Five
6️⃣ Keycap Digit Six,Symbols,6️⃣,Keycap Digit Six
7️⃣ Keycap Digit Seven,Symbols,7️⃣,Keycap Digit Seven
8️⃣ Keycap Digit Eight,Symbols,8️⃣,Keycap Digit Eight
9️⃣ Keycap Digit Nine,Symbols,9️⃣,Keycap Digit Nine
🔟 Keycap: 10,Symbols,🔟,Keycap: 10
💯 Hundred Points,Symbols,💯,Hundred Points
🔠 Input Latin Uppercase,Symbols,🔠,Input Latin Uppercase
🔡 Input Latin Lowercase,Symbols,🔡,Input Latin Lowercase
🔢 Input Numbers,Symbols,🔢,Input Numbers
🔣 Input Symbols,Symbols,🔣,Input Symbols
🔤 Input Latin Letters,Symbols,🔤,Input Latin Letters
🅰 A Button (Blood Type),Symbols,🅰,A Button (Blood Type)
🆎 Ab Button (Blood Type),Symbols,🆎,Ab Button (Blood Type)
🅱 B Button (Blood Type),Symbols,🅱,B Button (Blood Type)
🆑 CL Button,Symbols,🆑,CL Button
🆒 Cool Button,Symbols,🆒,Cool Button
🆓 Free Button,Symbols,🆓,Free Button
ℹ Information,Symbols,ℹ,Information
🆔 ID Button,Symbols,🆔,ID Button
Ⓜ Circled M,Symbols,Ⓜ,Circled M
🆕 New Button,Symbols,🆕,New Button
🆖 NG Button,Symbols,🆖,NG Button
🅾 O Button (Blood Type),Symbols,🅾,O Button (Blood Type)
🆗 OK Button,Symbols,🆗,OK Button
🅿 P Button,Symbols,🅿,P Button
🆘 SOS Button,Symbols,🆘,SOS Button
🆙 Up! Button,Symbols,🆙,Up! Button
🆚 Vs Button,Symbols,🆚,Vs Button
🈁 Japanese “Here” Button,Symbols,🈁,Japanese “Here” Button
🈂 Japanese “Service Charge” Button,Symbols,🈂,Japanese “Service Charge” Button
🈷 Japanese “Monthly Amount” Button,Symbols,🈷,Japanese “Monthly Amount” Button
🈶 Japanese “Not Free of Charge” Button,Symbols,🈶,Japanese “Not Free of Charge” Button
🈯 Japanese “Reserved” Button,Symbols,🈯,Japanese “Reserved” Button
🉐 Japanese “Bargain” Button,Symbols,🉐,Japanese “Bargain” Button
🈹 Japanese “Discount” Button,Symbols,🈹,Japanese “Discount” Button
🈚 Japanese “Free of Charge” Button,Symbols,🈚,Japanese “Free of Charge” Button
🈲 Japanese “Prohibited” Button,Symbols,🈲,Japanese “Prohibited” Button
🉑 Japanese “Acceptable” Button,Symbols,🉑,Japanese “Acceptable” Button
🈸 Japanese “Application” Button,Symbols,🈸,Japanese “Application” Button
🈴 Japanese “Passing Grade” Button,Symbols,🈴,Japanese “Passing Grade” Button
🈳 Japanese “Vacancy” Button,Symbols,🈳,Japanese “Vacancy” Button
㊗ Japanese “Congratulations” Button,Symbols,㊗,Japanese “Congratulations” Button
㊙ Japanese “Secret” Button,Symbols,㊙,Japanese “Secret” Button
🈺 Japanese “Open for Business” Button,Symbols,🈺,Japanese “Open for Business” Button
🈵 Japanese “No Vacancy” Button,Symbols,🈵,Japanese “No Vacancy” Button
▪ Black Small Square,Symbols,▪,Black Small Square
▫ White Small Square,Symbols,▫,White Small Square
◻ White Medium Square,Symbols,◻,White Medium Square
◼ Black Medium Square,Symbols,◼,Black Medium Square
◽ White Medium-Small Square,Symbols,◽,White Medium-Small Square
◾ Black Medium-Small Square,Symbols,◾,Black Medium-Small Square
⬛ Black Large Square,Symbols,⬛,Black Large Square
⬜ White Large Square,Symbols,⬜,White Large Square
🔶 Large Orange Diamond,Symbols,🔶,Large Orange Diamond
🔷 Large Blue Diamond,Symbols,🔷,Large Blue Diamond
🔸 Small Orange Diamond,Symbols,🔸,Small Orange Diamond
🔹 Small Blue Diamond,Symbols,🔹,Small Blue Diamond
🔺 Red Triangle Pointed Up,Symbols,🔺,Red Triangle Pointed Up
🔻 Red Triangle Pointed Down,Symbols,🔻,Red Triangle Pointed Down
💠 Diamond With a Dot,Symbols,💠,Diamond With a Dot
🔲 Black Square Button,Symbols,🔲,Black Square Button
🔳 White Square Button,Symbols,🔳,White Square Button
⚪ White Circle,Symbols,⚪,White Circle
⚫ Black Circle,Symbols,⚫,Black Circle
🔴 Red Circle,Symbols,🔴,Red Circle
🔵 Blue Circle,Symbols,🔵,Blue Circle
🏁 Chequered Flag,Flags,🏁,Chequered Flag
🚩 Triangular Flag,Flags,🚩,Triangular Flag
🎌 Crossed Flags,Flags,🎌,Crossed Flags
🏴 Black Flag,Flags,🏴,Black Flag
🏳 White Flag,Flags,🏳,White Flag
🏳️‍🌈  Rainbow Flag,Flags,🏳️‍🌈 ,Rainbow Flag
🏴‍☠️ Pirate Flag,Flags,🏴‍☠️,Pirate Flag
🇦🇨 Flag: Ascension Island,Flags,🇦🇨,Flag: Ascension Island
🇦🇩 Flag: Andorra,Flags,🇦🇩,Flag: Andorra
🇦🇪 Flag: United Arab Emirates,Flags,🇦🇪,Flag: United Arab Emirates
🇦🇫 Flag: Afghanistan,Flags,🇦🇫,Flag: Afghanistan
🇦🇬 Flag: Antigua & Barbuda,Flags,🇦🇬,Flag: Antigua & Barbuda
🇦🇮 Flag: Anguilla,Flags,🇦🇮,Flag: Anguilla
🇦🇱 Flag: Albania,Flags,🇦🇱,Flag: Albania
🇦🇲 Flag: Armenia,Flags,🇦🇲,Flag: Armenia
🇦🇴 Flag: Angola,Flags,🇦🇴,Flag: Angola
🇦🇶 Flag: Antarctica,Flags,🇦🇶,Flag: Antarctica
🇦🇷 Flag: Argentina,Flags,🇦🇷,Flag: Argentina
🇦🇸 Flag: American Samoa,Flags,🇦🇸,Flag: American Samoa
🇦🇹 Flag: Austria,Flags,🇦🇹,Flag: Austria
🇦🇺 Flag: Australia,Flags,🇦🇺,Flag: Australia
🇦🇼 Flag: Aruba,Flags,🇦🇼,Flag: Aruba
🇦🇽 Flag: ÅLand Islands,Flags,🇦🇽,Flag: ÅLand Islands
🇦🇿 Flag: Azerbaijan,Flags,🇦🇿,Flag: Azerbaijan
🇧🇦 Flag: Bosnia & Herzegovina,Flags,🇧🇦,Flag: Bosnia & Herzegovina
🇧🇧 Flag: Barbados,Flags,🇧🇧,Flag: Barbados
🇧🇩 Flag: Bangladesh,Flags,🇧🇩,Flag: Bangladesh
🇧🇪 Flag: Belgium,Flags,🇧🇪,Flag: Belgium
🇧🇫 Flag: Burkina Faso,Flags,🇧🇫,Flag: Burkina Faso
🇧🇬 Flag: Bulgaria,Flags,🇧🇬,Flag: Bulgaria
🇧🇭 Flag: Bahrain,Flags,🇧🇭,Flag: Bahrain
🇧🇮 Flag: Burundi,Flags,🇧🇮,Flag: Burundi
🇧🇯 Flag: Benin,Flags,🇧🇯,Flag: Benin
🇧🇱 Flag: St. BarthéLemy,Flags,🇧🇱,Flag: St. BarthéLemy
🇧🇲 Flag: Bermuda,Flags,🇧🇲,Flag: Bermuda
🇧🇳 Flag: Brunei,Flags,🇧🇳,Flag: Brunei
🇧🇴 Flag: Bolivia,Flags,🇧🇴,Flag: Bolivia
🇧🇶 Flag: Caribbean Netherlands,Flags,🇧🇶,Flag: Caribbean Netherlands
🇧🇷 Flag: Brazil,Flags,🇧🇷,Flag: Brazil
🇧🇸 Flag: Bahamas,Flags,🇧🇸,Flag: Bahamas
🇧🇹 Flag: Bhutan,Flags,🇧🇹,Flag: Bhutan
🇧🇻 Flag: Bouvet Island,Flags,🇧🇻,Flag: Bouvet Island
🇧🇼 Flag: Botswana,Flags,🇧🇼,Flag: Botswana
🇧🇾 Flag: Belarus,Flags,🇧🇾,Flag: Belarus
🇧🇿 Flag: Belize,Flags,🇧🇿,Flag: Belize
🇨🇦 Flag: Canada,Flags,🇨🇦,Flag: Canada
🇨🇨 Flag: Cocos (Keeling) Islands,Flags,🇨🇨,Flag: Cocos (Keeling) Islands
🇨🇩 Flag: Congo - Kinshasa,Flags,🇨🇩,Flag: Congo - Kinshasa
🇨🇫 Flag: Central African Republic,Flags,🇨🇫,Flag: Central African Republic
🇨🇬 Flag: Congo - Brazzaville,Flags,🇨🇬,Flag: Congo - Brazzaville
🇨🇭 Flag: Switzerland,Flags,🇨🇭,Flag: Switzerland
🇨🇮 Flag: CôTe D’Ivoire,Flags,🇨🇮,Flag: CôTe D’Ivoire
🇨🇰 Flag: Cook Islands,Flags,🇨🇰,Flag: Cook Islands
🇨🇱 Flag: Chile,Flags,🇨🇱,Flag: Chile
🇨🇲 Flag: Cameroon,Flags,🇨🇲,Flag: Cameroon
🇨🇳 Flag: China,Flags,🇨🇳,Flag: China
🇨🇴 Flag: Colombia,Flags,🇨🇴,Flag: Colombia
🇨🇵 Flag: Clipperton Island,Flags,🇨🇵,Flag: Clipperton Island
🇨🇷 Flag: Costa Rica,Flags,🇨🇷,Flag: Costa Rica
🇨🇺 Flag: Cuba,Flags,🇨🇺,Flag: Cuba
🇨🇻 Flag: Cape Verde,Flags,🇨🇻,Flag: Cape Verde
🇨🇼 Flag: CuraçAo,Flags,🇨🇼,Flag: CuraçAo
🇨🇽 Flag: Christmas Island,Flags,🇨🇽,Flag: Christmas Island
🇨🇾 Flag: Cyprus,Flags,🇨🇾,Flag: Cyprus
🇨🇿 Flag: Czechia,Flags,🇨🇿,Flag: Czechia
🇩🇪 Flag: Germany,Flags,🇩🇪,Flag: Germany
🇩🇬 Flag: Diego Garcia,Flags,🇩🇬,Flag: Diego Garcia
🇩🇯 Flag: Djibouti,Flags,🇩🇯,Flag: Djibouti
🇩🇰 Flag: Denmark,Flags,🇩🇰,Flag: Denmark
🇩🇲 Flag: Dominica,Flags,🇩🇲,Flag: Dominica
🇩🇴 Flag: Dominican Republic,Flags,🇩🇴,Flag: Dominican Republic
🇩🇿 Flag: Algeria,Flags,🇩🇿,Flag: Algeria
🇪🇦 Flag: Ceuta & Melilla,Flags,🇪🇦,Flag: Ceuta & Melilla
🇪🇨 Flag: Ecuador,Flags,🇪🇨,Flag: Ecuador
🇪🇪 Flag: Estonia,Flags,🇪🇪,Flag: Estonia
🇪🇬 Flag: Egypt,Flags,🇪🇬,Flag: Egypt
🇪🇭 Flag: Western Sahara,Flags,🇪🇭,Flag: Western Sahara
🇪🇷 Flag: Eritrea,Flags,🇪🇷,Flag: Eritrea
🇪🇸 Flag: Spain,Flags,🇪🇸,Flag: Spain
🇪🇹 Flag: Ethiopia,Flags,🇪🇹,Flag: Ethiopia
🇪🇺 Flag: European Union,Flags,🇪🇺,Flag: European Union
🇫🇮 Flag: Finland,Flags,🇫🇮,Flag: Finland
🇫🇯 Flag: Fiji,Flags,🇫🇯,Flag: Fiji
🇫🇰 Flag: Falkland Islands,Flags,🇫🇰,Flag: Falkland Islands
🇫🇲 Flag: Micronesia,Flags,🇫🇲,Flag: Micronesia
🇫🇴 Flag: Faroe Islands,Flags,🇫🇴,Flag: Faroe Islands
🇫🇷 Flag: France,Flags,🇫🇷,Flag: France
🇬🇦 Flag: Gabon,Flags,🇬🇦,Flag: Gabon
🇬🇧 Flag: United Kingdom,Flags,🇬🇧,Flag: United Kingdom
🇬🇩 Flag: Grenada,Flags,🇬🇩,Flag: Grenada
🇬🇪 Flag: Georgia,Flags,🇬🇪,Flag: Georgia
🇬🇫 Flag: French Guiana,Flags,🇬🇫,Flag: French Guiana
🇬🇬 Flag: Guernsey,Flags,🇬🇬,Flag: Guernsey
🇬🇭 Flag: Ghana,Flags,🇬🇭,Flag: Ghana
🇬🇮 Flag: Gibraltar,Flags,🇬🇮,Flag: Gibraltar
🇬🇱 Flag: Greenland,Flags,🇬🇱,Flag: Greenland
🇬🇲 Flag: Gambia,Flags,🇬🇲,Flag: Gambia
🇬🇳 Flag: Guinea,Flags,🇬🇳,Flag: Guinea
🇬🇵 Flag: Guadeloupe,Flags,🇬🇵,Flag: Guadeloupe
🇬🇶 Flag: Equatorial Guinea,Flags,🇬🇶,Flag: Equatorial Guinea
🇬🇷 Flag: Greece,Flags,🇬🇷,Flag: Greece
🇬🇸 Flag: South Georgia & South Sandwich Islands,Flags,🇬🇸,Flag: South Georgia & South Sandwich Islands
🇬🇹 Flag: Guatemala,Flags,🇬🇹,Flag: Guatemala
🇬🇺 Flag: Guam,Flags,🇬🇺,Flag: Guam
🇬🇼 Flag: Guinea-Bissau,Flags,🇬🇼,Flag: Guinea-Bissau
🇬🇾 Flag: Guyana,Flags,🇬🇾,Flag: Guyana
🇭🇰 Flag: Hong Kong SAR China,Flags,🇭🇰,Flag: Hong Kong SAR China
🇭🇲 Flag: Heard & McDonald Islands,Flags,🇭🇲,Flag: Heard & McDonald Islands
🇭🇳 Flag: Honduras,Flags,🇭🇳,Flag: Honduras
🇭🇷 Flag: Croatia,Flags,🇭🇷,Flag: Croatia
🇭🇹 Flag: Haiti,Flags,🇭🇹,Flag: Haiti
🇭🇺 Flag: Hungary,Flags,🇭🇺,Flag: Hungary
🇮🇨 Flag: Canary Islands,Flags,🇮🇨,Flag: Canary Islands
🇮🇩 Flag: Indonesia,Flags,🇮🇩,Flag: Indonesia
🇮🇪 Flag: Ireland,Flags,🇮🇪,Flag: Ireland
🇮🇱 Flag: Israel,Flags,🇮🇱,Flag: Israel
🇮🇲 Flag: Isle of Man,Flags,🇮🇲,Flag: Isle of Man
🇮🇳 Flag: India,Flags,🇮🇳,Flag: India
🇮🇴 Flag: British Indian Ocean Territory,Flags,🇮🇴,Flag: British Indian Ocean Territory
🇮🇶 Flag: Iraq,Flags,🇮🇶,Flag: Iraq
🇮🇷 Flag: Iran,Flags,🇮🇷,Flag: Iran
🇮🇸 Flag: Iceland,Flags,🇮🇸,Flag: Iceland
🇮🇹 Flag: Italy,Flags,🇮🇹,Flag: Italy
🇯🇪 Flag: Jersey,Flags,🇯🇪,Flag: Jersey
🇯🇲 Flag: Jamaica,Flags,🇯🇲,Flag: Jamaica
🇯🇴 Flag: Jordan,Flags,🇯🇴,Flag: Jordan
🇯🇵 Flag: Japan,Flags,🇯🇵,Flag: Japan
🇰🇪 Flag: Kenya,Flags,🇰🇪,Flag: Kenya
🇰🇬 Flag: Kyrgyzstan,Flags,🇰🇬,Flag: Kyrgyzstan
🇰🇭 Flag: Cambodia,Flags,🇰🇭,Flag: Cambodia
🇰🇮 Flag: Kiribati,Flags,🇰🇮,Flag: Kiribati
🇰🇲 Flag: Comoros,Flags,🇰🇲,Flag: Comoros
🇰🇳 Flag: St. Kitts & Nevis,Flags,🇰🇳,Flag: St. Kitts & Nevis
🇰🇵 Flag: North Korea,Flags,🇰🇵,Flag: North Korea
🇰🇷 Flag: South Korea,Flags,🇰🇷,Flag: South Korea
🇰🇼 Flag: Kuwait,Flags,🇰🇼,Flag: Kuwait
🇰🇾 Flag: Cayman Islands,Flags,🇰🇾,Flag: Cayman Islands
🇰🇿 Flag: Kazakhstan,Flags,🇰🇿,Flag: Kazakhstan
🇱🇦 Flag: Laos,Flags,🇱🇦,Flag: Laos
🇱🇧 Flag: Lebanon,Flags,🇱🇧,Flag: Lebanon
🇱🇨 Flag: St. Lucia,Flags,🇱🇨,Flag: St. Lucia
🇱🇮 Flag: Liechtenstein,Flags,🇱🇮,Flag: Liechtenstein
🇱🇰 Flag: Sri Lanka,Flags,🇱🇰,Flag: Sri Lanka
🇱🇷 Flag: Liberia,Flags,🇱🇷,Flag: Liberia
🇱🇸 Flag: Lesotho,Flags,🇱🇸,Flag: Lesotho
🇱🇹 Flag: Lithuania,Flags,🇱🇹,Flag: Lithuania
🇱🇺 Flag: Luxembourg,Flags,🇱🇺,Flag: Luxembourg
🇱🇻 Flag: Latvia,Flags,🇱🇻,Flag: Latvia
🇱🇾 Flag: Libya,Flags,🇱🇾,Flag: Libya
🇲🇦 Flag: Morocco,Flags,🇲🇦,Flag: Morocco
🇲🇨 Flag: Monaco,Flags,🇲🇨,Flag: Monaco
🇲🇩 Flag: Moldova,Flags,🇲🇩,Flag: Moldova
🇲🇪 Flag: Montenegro,Flags,🇲🇪,Flag: Montenegro
🇲🇫 Flag: St. Martin,Flags,🇲🇫,Flag: St. Martin
🇲🇬 Flag: Madagascar,Flags,🇲🇬,Flag: Madagascar
🇲🇭 Flag: Marshall Islands,Flags,🇲🇭,Flag: Marshall Islands
🇲🇰 Flag: Macedonia,Flags,🇲🇰,Flag: Macedonia
🇲🇱 Flag: Mali,Flags,🇲🇱,Flag: Mali
🇲🇲 Flag: Myanmar (Burma),Flags,🇲🇲,Flag: Myanmar (Burma)
🇲🇳 Flag: Mongolia,Flags,🇲🇳,Flag: Mongolia
🇲🇴 Flag: Macau Sar China,Flags,🇲🇴,Flag: Macau Sar China
🇲🇵 Flag: Northern Mariana Islands,Flags,🇲🇵,Flag: Northern Mariana Islands
🇲🇶 Flag: Martinique,Flags,🇲🇶,Flag: Martinique
🇲🇷 Flag: Mauritania,Flags,🇲🇷,Flag: Mauritania
🇲🇸 Flag: Montserrat,Flags,🇲🇸,Flag: Montserrat
🇲🇹 Flag: Malta,Flags,🇲🇹,Flag: Malta
🇲🇺 Flag: Mauritius,Flags,🇲🇺,Flag: Mauritius
🇲🇻 Flag: Maldives,Flags,🇲🇻,Flag: Maldives
🇲🇼 Flag: Malawi,Flags,🇲🇼,Flag: Malawi
🇲🇽 Flag: Mexico,Flags,🇲🇽,Flag: Mexico
🇲🇾 Flag: Malaysia,Flags,🇲🇾,Flag: Malaysia
🇲🇿 Flag: Mozambique,Flags,🇲🇿,Flag: Mozambique
🇳🇦 Flag: Namibia,Flags,🇳🇦,Flag: Namibia
🇳🇨 Flag: New Caledonia,Flags,🇳🇨,Flag: New Caledonia
🇳🇪 Flag: Niger,Flags,🇳🇪,Flag: Niger
🇳🇫 Flag: Norfolk Island,Flags,🇳🇫,Flag: Norfolk Island
🇳🇬 Flag: Nigeria,Flags,🇳🇬,Flag: Nigeria
🇳🇮 Flag: Nicaragua,Flags,🇳🇮,Flag: Nicaragua
🇳🇱 Flag: Netherlands,Flags,🇳🇱,Flag: Netherlands
🇳🇴 Flag: Norway,Flags,🇳🇴,Flag: Norway
🇳🇵 Flag: Nepal,Flags,🇳🇵,Flag: Nepal
🇳🇷 Flag: Nauru,Flags,🇳🇷,Flag: Nauru
🇳🇺 Flag: Niue,Flags,🇳🇺,Flag: Niue
🇳🇿 Flag: New Zealand,Flags,🇳🇿,Flag: New Zealand
🇴🇲 Flag: Oman,Flags,🇴🇲,Flag: Oman
🇵🇦 Flag: Panama,Flags,🇵🇦,Flag: Panama
🇵🇪 Flag: Peru,Flags,🇵🇪,Flag: Peru
🇵🇫 Flag: French Polynesia,Flags,🇵🇫,Flag: French Polynesia
🇵🇬 Flag: Papua New Guinea,Flags,🇵🇬,Flag: Papua New Guinea
🇵🇭 Flag: Philippines,Flags,🇵🇭,Flag: Philippines
🇵🇰 Flag: Pakistan,Flags,🇵🇰,Flag: Pakistan
🇵🇱 Flag: Poland,Flags,🇵🇱,Flag: Poland
🇵🇲 Flag: St. Pierre & Miquelon,Flags,🇵🇲,Flag: St. Pierre & Miquelon
🇵🇳 Flag: Pitcairn Islands,Flags,🇵🇳,Flag: Pitcairn Islands
🇵🇷 Flag: Puerto Rico,Flags,🇵🇷,Flag: Puerto Rico
🇵🇸 Flag: Palestinian Territories,Flags,🇵🇸,Flag: Palestinian Territories
🇵🇹 Flag: Portugal,Flags,🇵🇹,Flag: Portugal
🇵🇼 Flag: Palau,Flags,🇵🇼,Flag: Palau
🇵🇾 Flag: Paraguay,Flags,🇵🇾,Flag: Paraguay
🇶🇦 Flag: Qatar,Flags,🇶🇦,Flag: Qatar
🇷🇪 Flag: RéUnion,Flags,🇷🇪,Flag: RéUnion
🇷🇴 Flag: Romania,Flags,🇷🇴,Flag: Romania
🇷🇸 Flag: Serbia,Flags,🇷🇸,Flag: Serbia
🇷🇺 Flag: Russia,Flags,🇷🇺,Flag: Russia
🇷🇼 Flag: Rwanda,Flags,🇷🇼,Flag: Rwanda
🇸🇦 Flag: Saudi Arabia,Flags,🇸🇦,Flag: Saudi Arabia
🇸🇧 Flag: Solomon Islands,Flags,🇸🇧,Flag: Solomon Islands
🇸🇨 Flag: Seychelles,Flags,🇸🇨,Flag: Seychelles
🇸🇩 Flag: Sudan,Flags,🇸🇩,Flag: Sudan
🇸🇪 Flag: Sweden,Flags,🇸🇪,Flag: Sweden
🇸🇬 Flag: Singapore,Flags,🇸🇬,Flag: Singapore
🇸🇭 Flag: St. Helena,Flags,🇸🇭,Flag: St. Helena
🇸🇮 Flag: Slovenia,Flags,🇸🇮,Flag: Slovenia
🇸🇯 Flag: Svalbard & Jan Mayen,Flags,🇸🇯,Flag: Svalbard & Jan Mayen
🇸🇰 Flag: Slovakia,Flags,🇸🇰,Flag: Slovakia
🇸🇱 Flag: Sierra Leone,Flags,🇸🇱,Flag: Sierra Leone
🇸🇲 Flag: San Marino,Flags,🇸🇲,Flag: San Marino
🇸🇳 Flag: Senegal,Flags,🇸🇳,Flag: Senegal
🇸🇴 Flag: Somalia,Flags,🇸🇴,Flag: Somalia
🇸🇷 Flag: Suriname,Flags,🇸🇷,Flag: Suriname
🇸🇸 Flag: South Sudan,Flags,🇸🇸,Flag: South Sudan
🇸🇹 Flag: SãO Tomé & PríNcipe,Flags,🇸🇹,Flag: SãO Tomé & PríNcipe
🇸🇻 Flag: El Salvador,Flags,🇸🇻,Flag: El Salvador
🇸🇽 Flag: Sint Maarten,Flags,🇸🇽,Flag: Sint Maarten
🇸🇾 Flag: Syria,Flags,🇸🇾,Flag: Syria
🇸🇿 Flag: Swaziland,Flags,🇸🇿,Flag: Swaziland
🇹🇦 Flag: Tristan Da Cunha,Flags,🇹🇦,Flag: Tristan Da Cunha
🇹🇨 Flag: Turks & Caicos Islands,Flags,🇹🇨,Flag: Turks & Caicos Islands
🇹🇩 Flag: Chad,Flags,🇹🇩,Flag: Chad
🇹🇫 Flag: French Southern Territories,Flags,🇹🇫,Flag: French Southern Territories
🇹🇬 Flag: Togo,Flags,🇹🇬,Flag: Togo
🇹🇭 Flag: Thailand,Flags,🇹🇭,Flag: Thailand
🇹🇯 Flag: Tajikistan,Flags,🇹🇯,Flag: Tajikistan
🇹🇰 Flag: Tokelau,Flags,🇹🇰,Flag: Tokelau
🇹🇱 Flag: Timor-Leste,Flags,🇹🇱,Flag: Timor-Leste
🇹🇲 Flag: Turkmenistan,Flags,🇹🇲,Flag: Turkmenistan
🇹🇳 Flag: Tunisia,Flags,🇹🇳,Flag: Tunisia
🇹🇴 Flag: Tonga,Flags,🇹🇴,Flag: Tonga
🇹🇷 Flag: Turkey,Flags,🇹🇷,Flag: Turkey
🇹🇹 Flag: Trinidad & Tobago,Flags,🇹🇹,Flag: Trinidad & Tobago
🇹🇻 Flag: Tuvalu,Flags,🇹🇻,Flag: Tuvalu
🇹🇼 Flag: Taiwan,Flags,🇹🇼,Flag: Taiwan
🇹🇿 Flag: Tanzania,Flags,🇹🇿,Flag: Tanzania
🇺🇦 Flag: Ukraine,Flags,🇺🇦,Flag: Ukraine
🇺🇬 Flag: Uganda,Flags,🇺🇬,Flag: Uganda
🇺🇲 Flag: U.S. Outlying Islands,Flags,🇺🇲,Flag: U.S. Outlying Islands
🇺🇳 Flag: United Nations,Flags,🇺🇳,Flag: United Nations
🇺🇸 Flag: United States,Flags,🇺🇸,Flag: United States
🇺🇾 Flag: Uruguay,Flags,🇺🇾,Flag: Uruguay
🇺🇿 Flag: Uzbekistan,Flags,🇺🇿,Flag: Uzbekistan
🇻🇦 Flag: Vatican City,Flags,🇻🇦,Flag: Vatican City
🇻🇨 Flag: St. Vincent & Grenadines,Flags,🇻🇨,Flag: St. Vincent & Grenadines
🇻🇪 Flag: Venezuela,Flags,🇻🇪,Flag: Venezuela
🇻🇬 Flag: British Virgin Islands,Flags,🇻🇬,Flag: British Virgin Islands
🇻🇮 Flag: U.S. Virgin Islands,Flags,🇻🇮,Flag: U.S. Virgin Islands
🇻🇳 Flag: Vietnam,Flags,🇻🇳,Flag: Vietnam
🇻🇺 Flag: Vanuatu,Flags,🇻🇺,Flag: Vanuatu
🇼🇫 Flag: Wallis & Futuna,Flags,🇼🇫,Flag: Wallis & Futuna
🇼🇸 Flag: Samoa,Flags,🇼🇸,Flag: Samoa
🇽🇰 Flag: Kosovo,Flags,🇽🇰,Flag: Kosovo
🇾🇪 Flag: Yemen,Flags,🇾🇪,Flag: Yemen
🇾🇹 Flag: Mayotte,Flags,🇾🇹,Flag: Mayotte
🇿🇦 Flag: South Africa,Flags,🇿🇦,Flag: South Africa
🇿🇲 Flag: Zambia,Flags,🇿🇲,Flag: Zambia
🇿🇼 Flag: Zimbabwe,Flags,🇿🇼,Flag: Zimbabwe
🏴󠁧 󠁢󠁥󠁮󠁧󠁿 Flag: England,Flags,🏴󠁧,󠁢󠁥󠁮󠁧󠁿 Flag: England
🏴󠁧 󠁢󠁳󠁣󠁴󠁿 Flag: Scotland,Flags,🏴󠁧,󠁢󠁳󠁣󠁴󠁿 Flag: Scotland
🏴󠁧 󠁢󠁷󠁬󠁳󠁿 Flag: Wales,Flags,🏴󠁧,󠁢󠁷󠁬󠁳󠁿 Flag: Wales